{
    "entity.villager.ambient": {
        "replace":true,
        "sounds": [
            {"name":"mob/villager/original/ambient/idle01", "volume":0.5},
            {"name":"mob/villager/original/ambient/idle02", "volume":0.5},
            {"name":"mob/villager/original/ambient/idle03", "volume":0.5},
            {"name":"mob/villager/misc/ambient/idle04", "volume":0.5},
            {"name":"mob/villager/misc/ambient/idle05", "volume":0.5},
            {"name":"mob/villager/misc/ambient/idle06", "volume":0.5},
            {"name":"mob/villager/elden-ring/ambient/ai01", "volume":0.5},
            {"name":"mob/villager/elden-ring/ambient/and", "volume":0.5},
            {"name":"mob/villager/elden-ring/ambient/burp01", "volume":0.5},
            {"name":"mob/villager/elden-ring/ambient/burp02", "volume":0.5},
            {"name":"mob/villager/elden-ring/ambient/burp03", "volume":0.5},
            {"name":"mob/villager/elden-ring/ambient/burp04", "volume":0.5},
            {"name":"mob/villager/elden-ring/ambient/burp07", "volume":0.5},
            {"name":"mob/villager/elden-ring/ambient/four-big-guys", "volume":0.5},
            {"name":"mob/villager/elden-ring/ambient/hello01", "volume":0.5},
            {"name":"mob/villager/elden-ring/ambient/hello02", "volume":0.5},
            {"name":"mob/villager/elden-ring/ambient/hello03", "volume":0.5},
            {"name":"mob/villager/elden-ring/ambient/hello04", "volume":0.5},
            {"name":"mob/villager/elden-ring/ambient/hi01", "volume":0.5},
            {"name":"mob/villager/elden-ring/ambient/hi02", "volume":0.5},
            {"name":"mob/villager/elden-ring/ambient/how-are-ya", "volume":0.5},
            {"name":"mob/villager/elden-ring/ambient/how-are-you-doing01", "volume":0.5},
            {"name":"mob/villager/elden-ring/ambient/how-are-you-doing02", "volume":0.5}
        ],
        "subtitle": "subtitles.entity.villager.ambient"
    },
    "entity.villager.celebrate": {
        "replace":true,
        "sounds": [
            {"name":"mob/villager/original/yes/yes01", "volume":0.5},
            {"name":"mob/villager/original/yes/yes02", "volume":0.5},
            {"name":"mob/villager/original/yes/yes03", "volume":0.5},
            {"name":"mob/villager/elden-ring/celebrate/and-i-hope-your-enemies-feel-a-little-bit-smaller", "volume":0.5},
            {"name":"mob/villager/elden-ring/celebrate/are-we-done", "volume":0.5},
            {"name":"mob/villager/elden-ring/celebrate/dude-i-made-god", "volume":0.5},
            {"name":"mob/villager/elden-ring/celebrate/get-bozoed", "volume":0.5},
            {"name":"mob/villager/elden-ring/celebrate/guys-im-literally-going-to-cry", "volume":0.5},
            {"name":"mob/villager/elden-ring/celebrate/guys-im-tall", "volume":0.5},
            {"name":"mob/villager/elden-ring/celebrate/have-i-not-learned-so-much-about-the-game", "volume":0.5},
            {"name":"mob/villager/elden-ring/celebrate/holy", "volume":0.5},
            {"name":"mob/villager/elden-ring/celebrate/hope-you-guys-all-got-your-eggs", "volume":0.5},
            {"name":"mob/villager/elden-ring/celebrate/how-am-i-alive", "volume":0.5},
            {"name":"mob/villager/elden-ring/celebrate/i-am-the-smartest-woman-alive", "volume":0.5},
            {"name":"mob/villager/elden-ring/yes/i-appreciate-it-so-much", "volume":0.5},
            {"name":"mob/villager/elden-ring/celebrate/i-appreciate-you-guys-so-so-much", "volume":0.5},
            {"name":"mob/villager/elden-ring/celebrate/i-believe-theres-going-to-be-a-cutscene", "volume":0.5},
            {"name":"mob/villager/elden-ring/celebrate/i-cant-believe-i-killed-god", "volume":0.5},
            {"name":"mob/villager/elden-ring/celebrate/i-could-get-around-a-good-amount-of-world-domination", "volume":0.5},
            {"name":"mob/villager/elden-ring/celebrate/i-think-i-killed-a-guy-here", "volume":0.5},
            {"name":"mob/villager/elden-ring/celebrate/i-think-were-good", "volume":0.5},
            {"name":"mob/villager/elden-ring/celebrate/i-want-my-babybacks-babybacks-babybacks", "volume":0.5},
            {"name":"mob/villager/elden-ring/celebrate/i-will-buy-you-a-beer", "volume":0.5}
        ],
        "subtitle": "subtitles.entity.villager.celebrate"
    },
    "entity.villager.death": {
        "replace":true,
        "sounds": [
            {"name":"mob/villager/original/death/death01", "volume":0.5},
            {"name":"mob/villager/misc/death/death02", "volume":0.5},
            {"name":"mob/villager/misc/death/death03", "volume":0.5},
            {"name":"mob/villager/elden-ring/death/aaaaaaaaaa", "volume":0.5},
            {"name":"mob/villager/elden-ring/death/ahh16", "volume":0.5},
            {"name":"mob/villager/elden-ring/death/can-we-not-count-that-one-i-got-raided", "volume":0.5},
            {"name":"mob/villager/elden-ring/death/does-that-count-as-a-death", "volume":0.5},
            {"name":"mob/villager/elden-ring/death/i-have-nothing-but-a-butter-knife-please", "volume":0.5},
            {"name":"mob/villager/elden-ring/death/i-may-as-well-die", "volume":0.5},
            {"name":"mob/villager/elden-ring/death/i-may-suck-death", "volume":0.5},
            {"name":"mob/villager/elden-ring/death/im-having-a-heart-attack-and-a-half", "volume":0.5},
            {"name":"mob/villager/elden-ring/death/i-tried-everybody", "volume":0.5},
            {"name":"mob/villager/elden-ring/death/ive-died", "volume":0.5}
        ],
        "subtitle": "subtitles.entity.villager.death"
    },
    "entity.villager.hurt": {
        "replace":true,
        "sounds": [
            {"name":"mob/villager/original/hurt/hit01", "volume":0.5},
            {"name":"mob/villager/original/hurt/hit02", "volume":0.5},
            {"name":"mob/villager/original/hurt/hit03", "volume":0.5},
            {"name":"mob/villager/original/hurt/hit04", "volume":0.5},
            {"name":"mob/villager/misc/hurt/hit05", "volume":0.5},
            {"name":"mob/villager/misc/hurt/hit06", "volume":0.5},
            {"name":"mob/villager/misc/hurt/hit07", "volume":0.5},
            {"name":"mob/villager/misc/hurt/hit08", "volume":0.5},
            {"name":"mob/villager/elden-ring/hurt/ahh01", "volume":0.5},
            {"name":"mob/villager/elden-ring/hurt/ahh02", "volume":0.5},
            {"name":"mob/villager/elden-ring/hurt/ahh03", "volume":0.5},
            {"name":"mob/villager/elden-ring/hurt/ahh04", "volume":0.5},
            {"name":"mob/villager/elden-ring/hurt/ahh05", "volume":0.5},
            {"name":"mob/villager/elden-ring/hurt/ahh06", "volume":0.5},
            {"name":"mob/villager/elden-ring/hurt/ahh07", "volume":0.5},
            {"name":"mob/villager/elden-ring/hurt/ahh08", "volume":0.5},
            {"name":"mob/villager/elden-ring/hurt/ahh09", "volume":0.5},
            {"name":"mob/villager/elden-ring/hurt/ahh10", "volume":0.5},
            {"name":"mob/villager/elden-ring/hurt/ahh11", "volume":0.5},
            {"name":"mob/villager/elden-ring/hurt/ahh12", "volume":0.5},
            {"name":"mob/villager/elden-ring/hurt/ahh13", "volume":0.5},
            {"name":"mob/villager/elden-ring/hurt/ahh14", "volume":0.5},
            {"name":"mob/villager/elden-ring/hurt/ahh15", "volume":0.5},
            {"name":"mob/villager/elden-ring/hurt/ahh17", "volume":0.5},
            {"name":"mob/villager/elden-ring/hurt/ahh18", "volume":0.5},
            {"name":"mob/villager/elden-ring/hurt/ahh19", "volume":0.5},
            {"name":"mob/villager/elden-ring/hurt/ahh20", "volume":0.5},
            {"name":"mob/villager/elden-ring/hurt/ahh21", "volume":0.5},
            {"name":"mob/villager/elden-ring/hurt/ahh22", "volume":0.5},
            {"name":"mob/villager/elden-ring/hurt/ahh23", "volume":0.5},
            {"name":"mob/villager/elden-ring/hurt/ahh24", "volume":0.5},
            {"name":"mob/villager/elden-ring/hurt/ahh25", "volume":0.5},
            {"name":"mob/villager/elden-ring/hurt/ahh26", "volume":0.5},
            {"name":"mob/villager/elden-ring/hurt/ahh27", "volume":0.5},
            {"name":"mob/villager/elden-ring/hurt/ahh28", "volume":0.5},
            {"name":"mob/villager/elden-ring/hurt/ahh29", "volume":0.5},
            {"name":"mob/villager/elden-ring/hurt/ahh30", "volume":0.5},
            {"name":"mob/villager/elden-ring/hurt/ahh-no01", "volume":0.5},
            {"name":"mob/villager/elden-ring/hurt/ai02", "volume":0.5},
            {"name":"mob/villager/elden-ring/hurt/all-right-nearly-dead", "volume":0.5},
            {"name":"mob/villager/elden-ring/hurt/ash", "volume":0.5},
            {"name":"mob/villager/elden-ring/hurt/aww-man02", "volume":0.5},
            {"name":"mob/villager/elden-ring/hurt/aww-man03", "volume":0.5},
            {"name":"mob/villager/elden-ring/hurt/aww-man04", "volume":0.5},
            {"name":"mob/villager/elden-ring/hurt/bro02", "volume":0.5},
            {"name":"mob/villager/elden-ring/hurt/bro03", "volume":0.5},
            {"name":"mob/villager/elden-ring/hurt/bro-what", "volume":0.5},
            {"name":"mob/villager/elden-ring/hurt/gasp01", "volume":0.5},
            {"name":"mob/villager/elden-ring/hurt/gasp02", "volume":0.5},
            {"name":"mob/villager/elden-ring/hurt/gasp03", "volume":0.5},
            {"name":"mob/villager/elden-ring/hurt/gasp04", "volume":0.5},
            {"name":"mob/villager/elden-ring/hurt/gasp05", "volume":0.5},
            {"name":"mob/villager/elden-ring/hurt/gasp06", "volume":0.5},
            {"name":"mob/villager/elden-ring/hurt/gasp07", "volume":0.5},
            {"name":"mob/villager/elden-ring/hurt/gasp08", "volume":0.5},
            {"name":"mob/villager/elden-ring/hurt/gasp09", "volume":0.5},
            {"name":"mob/villager/elden-ring/hurt/hey01", "volume":0.5},
            {"name":"mob/villager/elden-ring/hurt/hey-dont-smack-me-man", "volume":0.5},
            {"name":"mob/villager/elden-ring/hurt/hey-man", "volume":0.5}
        ],
        "subtitle": "subtitles.entity.villager.hurt"
    },
    "entity.villager.no": {
        "replace":true,
        "sounds": [
            {"name":"mob/villager/original/no/no01", "volume":0.5},
            {"name":"mob/villager/original/no/no02", "volume":0.5},
            {"name":"mob/villager/original/no/no03", "volume":0.5},
            {"name":"mob/villager/misc/no/no04", "volume":0.5},
            {"name":"mob/villager/misc/no/no05", "volume":0.5},
            {"name":"mob/villager/misc/no/no06", "volume":0.5},
            {"name":"mob/villager/elden-ring/no/blasphemous", "volume":0.5},
            {"name":"mob/villager/elden-ring/no/chuckle", "volume":0.5},
            {"name":"mob/villager/elden-ring/no/do-not", "volume":0.5},
            {"name":"mob/villager/elden-ring/no/do-not-do-that01", "volume":0.5},
            {"name":"mob/villager/elden-ring/no/do-not-do-that02", "volume":0.5},
            {"name":"mob/villager/elden-ring/no/dude", "volume":0.5},
            {"name":"mob/villager/elden-ring/no/dude-i-could-never", "volume":0.5},
            {"name":"mob/villager/elden-ring/no/excuse-me", "volume":0.5},
            {"name":"mob/villager/elden-ring/trade/i-dont-know", "volume":0.5},
            {"name":"mob/villager/elden-ring/no/i-may-suck", "volume":0.5},
            {"name":"mob/villager/elden-ring/no/im-not-saying-anything", "volume":0.5},
            {"name":"mob/villager/elden-ring/no/im-not-that-short", "volume":0.5},
            {"name":"mob/villager/elden-ring/no/im-sorry", "volume":0.5},
            {"name":"mob/villager/elden-ring/no/its-a-bad-time", "volume":0.5},
            {"name":"mob/villager/elden-ring/no/its-far-too-much-honestly", "volume":0.5}
        ],
        "subtitle": "subtitles.entity.villager.no"
    },
    "entity.villager.trade": {
        "replace":true,
        "sounds": [
            {"name":"mob/villager/original/trade/haggle01", "volume":0.5},
            {"name":"mob/villager/original/trade/haggle02", "volume":0.5},
            {"name":"mob/villager/original/trade/haggle03", "volume":0.5},
            {"name":"mob/villager/misc/trade/haggle04", "volume":0.5},
            {"name":"mob/villager/misc/trade/haggle05", "volume":0.5},
            {"name":"mob/villager/elden-ring/trade/37-thats-nothing-bro", "volume":0.5},
            {"name":"mob/villager/elden-ring/trade/aha", "volume":0.5},
            {"name":"mob/villager/elden-ring/trade/anything-i-can-do-to-help", "volume":0.5},
            {"name":"mob/villager/elden-ring/trade/are-we-done", "volume":0.5},
            {"name":"mob/villager/elden-ring/trade/are-you-ok01", "volume":0.5},
            {"name":"mob/villager/elden-ring/trade/are-you-ok02", "volume":0.5},
            {"name":"mob/villager/elden-ring/ambient/burp01", "volume":0.5},
            {"name":"mob/villager/elden-ring/ambient/burp02", "volume":0.5},
            {"name":"mob/villager/elden-ring/ambient/burp03", "volume":0.5},
            {"name":"mob/villager/elden-ring/ambient/burp04", "volume":0.5},
            {"name":"mob/villager/elden-ring/ambient/burp07", "volume":0.5},
            {"name":"mob/villager/elden-ring/trade/classic", "volume":0.5},
            {"name":"mob/villager/elden-ring/trade/close-enough", "volume":0.5},
            {"name":"mob/villager/elden-ring/trade/could-i-have-it-anyway", "volume":0.5},
            {"name":"mob/villager/elden-ring/trade/did-everyone-get-their-egg", "volume":0.5},
            {"name":"mob/villager/elden-ring/trade/do-you-know-the-sacred-words", "volume":0.5},
            {"name":"mob/villager/elden-ring/trade/every-story-here-is-related-have-you-heard-me-talk", "volume":0.5},
            {"name":"mob/villager/elden-ring/trade/get-your-last-minute-bets-in", "volume":0.5},
            {"name":"mob/villager/elden-ring/trade/hold-on", "volume":0.5},
            {"name":"mob/villager/elden-ring/trade/how-do-i-not-have-that", "volume":0.5},
            {"name":"mob/villager/elden-ring/trade/hows-your-morning-going", "volume":0.5},
            {"name":"mob/villager/elden-ring/trade/i-can-do-anything", "volume":0.5},
            {"name":"mob/villager/elden-ring/yes/i-can-do-that", "volume":0.5},
            {"name":"mob/villager/elden-ring/yes/i-can-put-up-with-that", "volume":0.5},
            {"name":"mob/villager/elden-ring/yes/i-can-take-that-thats-ok", "volume":0.5},
            {"name":"mob/villager/elden-ring/trade/i-dont-know", "volume":0.5},
            {"name":"mob/villager/elden-ring/trade/i-dont-know-what-else-i-can-offer-in-this-time", "volume":0.5},
            {"name":"mob/villager/elden-ring/trade/i-dont-really-have-any-good", "volume":0.5},
            {"name":"mob/villager/elden-ring/trade/if-they-make-you-uncomfortable", "volume":0.5},
            {"name":"mob/villager/elden-ring/trade/i-guess-i-changed-the-minimum-to-50", "volume":0.5},
            {"name":"mob/villager/elden-ring/trade/i-hope-works-going-ok", "volume":0.5},
            {"name":"mob/villager/elden-ring/trade/i-keep-getting-distracted-im-so-sorry", "volume":0.5},
            {"name":"mob/villager/elden-ring/trade/i-kinda-feel-like-weve-had-some-very-good-vibes", "volume":0.5},
            {"name":"mob/villager/elden-ring/trade/im-blinking-at-you-seductively", "volume":0.5},
            {"name":"mob/villager/elden-ring/trade/im-giving-you-the-eye", "volume":0.5},
            {"name":"mob/villager/elden-ring/trade/i-might-have-sold-it", "volume":0.5},
            {"name":"mob/villager/elden-ring/trade/im-pretty-sure-i-got-everything", "volume":0.5},
            {"name":"mob/villager/elden-ring/trade/im-very-excited", "volume":0.5},
            {"name":"mob/villager/elden-ring/trade/i-need-that-you-know", "volume":0.5},
            {"name":"mob/villager/elden-ring/trade/is-it-this", "volume":0.5},
            {"name":"mob/villager/elden-ring/trade/is-that-going-to-work", "volume":0.5},
            {"name":"mob/villager/elden-ring/trade/ive-only-got-four-left", "volume":0.5}
        ],
        "subtitle": "subtitles.entity.villager.trade"
    },
    "entity.villager.yes": {
        "replace":true,
        "sounds": [
            {"name":"mob/villager/original/yes/yes01", "volume":0.5},
            {"name":"mob/villager/original/yes/yes02", "volume":0.5},
            {"name":"mob/villager/original/yes/yes03", "volume":0.5},
            {"name":"mob/villager/misc/yes/yes04", "volume":0.5},
            {"name":"mob/villager/misc/yes/yes05", "volume":0.5},
            {"name":"mob/villager/misc/yes/yes06", "volume":0.5},
            {"name":"mob/villager/misc/yes/yes07", "volume":0.5},
            {"name":"mob/villager/elden-ring/yes/all-right", "volume":0.5},
            {"name":"mob/villager/elden-ring/yes/can-one-of-the-mods-please-pay-it-out", "volume":0.5},
            {"name":"mob/villager/elden-ring/yes/done-done-done", "volume":0.5},
            {"name":"mob/villager/elden-ring/yes/exactly01", "volume":0.5},
            {"name":"mob/villager/elden-ring/yes/exactly02", "volume":0.5},
            {"name":"mob/villager/elden-ring/yes/exactly03", "volume":0.5},
            {"name":"mob/villager/elden-ring/yes/get-amongst-it", "volume":0.5},
            {"name":"mob/villager/elden-ring/yes/i-appreciate-it-so-much", "volume":0.5},
            {"name":"mob/villager/elden-ring/yes/i-appreciate-that", "volume":0.5},
            {"name":"mob/villager/elden-ring/yes/i-can-do-that", "volume":0.5},
            {"name":"mob/villager/elden-ring/yes/i-can-put-up-with-that", "volume":0.5},
            {"name":"mob/villager/elden-ring/yes/i-can-take-that-thats-ok", "volume":0.5},
            {"name":"mob/villager/elden-ring/yes/i-guess", "volume":0.5},
            {"name":"mob/villager/elden-ring/trade/i-need-that-you-know", "volume":0.5},
            {"name":"mob/villager/elden-ring/trade/i-would-kinda-love-that", "volume":0.5}
        ],
        "subtitle": "subtitles.entity.villager.yes"
    },
    "entity.witch.ambient": {
        "replace":true,
        "sounds": [
            {"name":"entity/witch/elden-ring/ambient/cackle01", "volume":0.7},
            {"name":"entity/witch/elden-ring/ambient/cackle02", "volume":0.7},
            {"name":"entity/witch/elden-ring/ambient/cackle03", "volume":0.7},
            {"name":"entity/witch/elden-ring/ambient/cackle04", "volume":0.7},
            {"name":"entity/witch/elden-ring/ambient/cackle05", "volume":0.7},
            {"name":"entity/witch/elden-ring/ambient/cackle06", "volume":0.7},
            {"name":"entity/witch/elden-ring/ambient/cackle07", "volume":0.7},
            {"name":"entity/witch/elden-ring/ambient/cackle08", "volume":0.7},
            {"name":"entity/witch/elden-ring/ambient/cackle09", "volume":0.7},
            {"name":"entity/witch/elden-ring/ambient/cackle12", "volume":0.7},
            {"name":"entity/witch/elden-ring/ambient/cackle13", "volume":0.7},
            {"name":"entity/witch/elden-ring/ambient/cackle14", "volume":0.7},
            {"name":"entity/witch/elden-ring/ambient/giggle03", "volume":0.7}
        ],
        "subtitle": "subtitles.entity.witch.ambient"
    },
    "entity.witch.celebrate": {
        "replace":true,
        "sounds": [
            {"name":"entity/witch/elden-ring/ambient/cackle10", "volume":0.7},
            {"name":"entity/witch/elden-ring/ambient/cackle11", "volume":0.7}
        ],
        "subtitle": "subtitles.entity.witch.celebrate"
    },
    "entity.witch.death": {
        "sounds": [
            "entity/witch/death1",
            "entity/witch/death2",
            "entity/witch/death3"
        ],
        "subtitle": "subtitles.entity.witch.death"
    },
    "entity.witch.drink": {
        "sounds": [
            "entity/witch/drink1",
            "entity/witch/drink2",
            "entity/witch/drink3",
            "entity/witch/drink4"
        ],
        "subtitle": "subtitles.entity.witch.drink"
    },
    "entity.witch.hurt": {
        "sounds": [
            "entity/witch/hurt1",
            "entity/witch/hurt2",
            "entity/witch/hurt3"
        ],
        "subtitle": "subtitles.entity.witch.hurt"
    },
    "entity.witch.throw": {
        "sounds": [
            "entity/witch/throw1",
            "entity/witch/throw2",
            "entity/witch/throw3"
        ],
        "subtitle": "subtitles.entity.witch.throw"
    },
        "music_disc.11": {
            "replace":true,
            "sounds": [
                {"name": "records/will-the-circle-be-unbroken", "weight":100, "stream": true},
                {"name": "records/still-alive", "weight":1, "stream": true}
            ]
        }
}
