{
    "entity.villager.ambient": {
        "replace":true,
        "sounds": [
            {"name":"mob/villager/original/ambient/idle01", "volume":0.5},
            {"name":"mob/villager/original/ambient/idle02", "volume":0.5},
            {"name":"mob/villager/original/ambient/idle03", "volume":0.5},
            {"name":"mob/villager/misc/ambient/charlie-brown01", "volume":0.5},
            {"name":"mob/villager/misc/ambient/idle04", "volume":0.5},
            {"name":"mob/villager/misc/ambient/idle05", "volume":0.5},
            {"name":"mob/villager/misc/ambient/idle06", "volume":0.5},
            {"name":"mob/villager/elden-ring/ambient/ai01", "volume":0.5},
            {"name":"mob/villager/elden-ring/ambient/and", "volume":0.5},
            {"name":"mob/villager/elden-ring/ambient/burp01", "volume":0.5},
            {"name":"mob/villager/elden-ring/ambient/burp02", "volume":0.5},
            {"name":"mob/villager/elden-ring/ambient/burp03", "volume":0.5},
            {"name":"mob/villager/elden-ring/ambient/burp04", "volume":0.5},
            {"name":"mob/villager/elden-ring/ambient/burp07", "volume":0.5},
            {"name":"mob/villager/elden-ring/ambient/four-big-guys", "volume":0.5},
            {"name":"mob/villager/elden-ring/ambient/hello01", "volume":0.5},
            {"name":"mob/villager/elden-ring/ambient/hello02", "volume":0.5},
            {"name":"mob/villager/elden-ring/ambient/hello03", "volume":0.5},
            {"name":"mob/villager/elden-ring/ambient/hello04", "volume":0.5},
            {"name":"mob/villager/elden-ring/ambient/hi01", "volume":0.5},
            {"name":"mob/villager/elden-ring/ambient/hi02", "volume":0.5},
            {"name":"mob/villager/elden-ring/ambient/how-are-ya", "volume":0.5},
            {"name":"mob/villager/elden-ring/ambient/how-are-you-doing01", "volume":0.5},
            {"name":"mob/villager/elden-ring/ambient/how-are-you-doing02", "volume":0.5},
            {"name":"mob/villager/elden-ring/ambient/mumbling01", "volume":0.5},
            {"name":"mob/villager/elden-ring/ambient/mumbling02", "volume":0.5},
            {"name":"mob/villager/elden-ring/ambient/mumbling03", "volume":0.5},
            {"name":"mob/villager/elden-ring/ambient/mumbling04", "volume":0.5},
            {"name":"mob/villager/elden-ring/ambient/oh-hello", "volume":0.5},
            {"name":"mob/villager/elden-ring/ambient/umm01", "volume":0.5},
            {"name":"mob/villager/elden-ring/ambient/umm02", "volume":0.5},
            {"name":"mob/villager/elden-ring/ambient/umm03", "volume":0.5},
            {"name":"mob/villager/elden-ring/ambient/umm04", "volume":0.5},
            {"name":"mob/villager/elden-ring/ambient/umm-oh", "volume":0.5},
            {"name":"mob/villager/elden-ring/ambient/unintelligible", "volume":0.5}
        ],
        "subtitle": "subtitles.entity.villager.ambient"
    },
    "entity.villager.celebrate": {
        "replace":true,
        "sounds": [
            {"name":"mob/villager/original/yes/yes02", "volume":0.5},
            {"name":"mob/villager/original/yes/yes03", "volume":0.5},
            {"name":"mob/villager/misc/celebrate/we-did-it-lets-go", "volume":0.5},
            {"name":"mob/villager/elden-ring/celebrate/and-i-hope-your-enemies-feel-a-little-bit-smaller", "volume":0.5},
            {"name":"mob/villager/elden-ring/trade/are-we-done", "volume":0.5},
            {"name":"mob/villager/elden-ring/celebrate/dude-i-made-god", "volume":0.5},
            {"name":"mob/villager/elden-ring/celebrate/get-bozoed", "volume":0.5},
            {"name":"mob/villager/elden-ring/celebrate/guys-im-literally-going-to-cry", "volume":0.5},
            {"name":"mob/villager/elden-ring/celebrate/guys-im-tall", "volume":0.5},
            {"name":"mob/villager/elden-ring/celebrate/have-i-not-learned-so-much-about-the-game", "volume":0.5},
            {"name":"mob/villager/elden-ring/celebrate/holy", "volume":0.5},
            {"name":"mob/villager/elden-ring/celebrate/hope-you-guys-all-got-your-eggs", "volume":0.5},
            {"name":"mob/villager/elden-ring/celebrate/how-am-i-alive", "volume":0.5},
            {"name":"mob/villager/elden-ring/celebrate/i-am-the-smartest-woman-alive", "volume":0.5},
            {"name":"mob/villager/elden-ring/yes/i-appreciate-it-so-much", "volume":0.5},
            {"name":"mob/villager/elden-ring/celebrate/i-appreciate-you-guys-so-so-much", "volume":0.5},
            {"name":"mob/villager/elden-ring/celebrate/i-believe-theres-going-to-be-a-cutscene", "volume":0.5},
            {"name":"mob/villager/elden-ring/celebrate/i-cant-believe-i-killed-god", "volume":0.5},
            {"name":"mob/villager/elden-ring/celebrate/i-could-get-around-a-good-amount-of-world-domination", "volume":0.5},
            {"name":"mob/villager/elden-ring/celebrate/i-think-i-killed-a-guy-here", "volume":0.5},
            {"name":"mob/villager/elden-ring/celebrate/i-think-were-good", "volume":0.5},
            {"name":"mob/villager/elden-ring/celebrate/i-want-my-babybacks-babybacks-babybacks", "volume":0.5},
            {"name":"mob/villager/elden-ring/celebrate/i-will-buy-you-a-beer", "volume":0.5},
            {"name":"mob/villager/elden-ring/celebrate/lets-go01", "volume":0.5},
            {"name":"mob/villager/elden-ring/celebrate/lets-go02", "volume":0.5},
            {"name":"mob/villager/elden-ring/celebrate/lets-go03", "volume":0.5},
            {"name":"mob/villager/elden-ring/celebrate/naked-woman-beats-god-exactly-the-energy", "volume":0.5},
            {"name":"mob/villager/elden-ring/celebrate/oh-i-feel-so-cool", "volume":0.5},
            {"name":"mob/villager/elden-ring/celebrate/oh-im-so-happy", "volume":0.5},
            {"name":"mob/villager/elden-ring/celebrate/oo-oo", "volume":0.5},
            {"name":"mob/villager/elden-ring/celebrate/OO-OO", "volume":0.5},
            {"name":"mob/villager/elden-ring/celebrate/please-clap", "volume":0.5},
            {"name":"mob/villager/elden-ring/celebrate/problem-solved-i-guess-but-well-see", "volume":0.5},
            {"name":"mob/villager/elden-ring/celebrate/shining-balls-sound", "volume":0.5},
            {"name":"mob/villager/elden-ring/celebrate/so-good", "volume":0.5},
            {"name":"mob/villager/elden-ring/celebrate/thats-crazy-thats-insane", "volume":0.5},
            {"name":"mob/villager/elden-ring/celebrate/theres-gonna-be-a-cutscene-right-for-suresies", "volume":0.5},
            {"name":"mob/villager/elden-ring/celebrate/things-are-looking-up-milhouse", "volume":0.5},
            {"name":"mob/villager/elden-ring/celebrate/this-was-a-triumph", "volume":0.5},
            {"name":"mob/villager/elden-ring/celebrate/this-was-a-time", "volume":0.5},
            {"name":"mob/villager/elden-ring/celebrate/to-victory-boys", "volume":0.5},
            {"name":"mob/villager/elden-ring/celebrate/to-victory-boys-yo-ho", "volume":0.5},
            {"name":"mob/villager/elden-ring/celebrate/war-call01", "volume":0.5},
            {"name":"mob/villager/elden-ring/celebrate/we-finished-the-game", "volume":0.5},
            {"name":"mob/villager/elden-ring/celebrate/weve-seen-that-i-can-still-take-down-things-that-dont-bleed", "volume":0.5},
            {"name":"mob/villager/elden-ring/celebrate/we-will-rule-the-gods-together", "volume":0.5}
        ],
        "subtitle": "subtitles.entity.villager.celebrate"
    },
    "entity.villager.death": {
        "replace":true,
        "sounds": [
            {"name":"mob/villager/original/death/death01", "volume":0.5},
            {"name":"mob/villager/misc/death/death02", "volume":0.5},
            {"name":"mob/villager/misc/death/death03", "volume":0.5},
            {"name":"mob/villager/elden-ring/death/aaaaaaaaaa", "volume":0.5},
            {"name":"mob/villager/elden-ring/death/ahh16", "volume":0.5},
            {"name":"mob/villager/elden-ring/death/can-we-not-count-that-one-i-got-raided", "volume":0.5},
            {"name":"mob/villager/elden-ring/death/does-that-count-as-a-death", "volume":0.5},
            {"name":"mob/villager/elden-ring/death/he-looked-at-me-and-blinked-and-i-fell-apart", "volume":0.5},
            {"name":"mob/villager/elden-ring/death/i-have-nothing-but-a-butter-knife-please", "volume":0.5},
            {"name":"mob/villager/elden-ring/death/i-may-as-well-die", "volume":0.5},
            {"name":"mob/villager/elden-ring/death/i-may-suck-death", "volume":0.5},
            {"name":"mob/villager/elden-ring/death/im-having-a-heart-attack-and-a-half", "volume":0.5},
            {"name":"mob/villager/elden-ring/death/i-tried-everybody", "volume":0.5},
            {"name":"mob/villager/elden-ring/death/ive-died", "volume":0.5},
            {"name":"mob/villager/elden-ring/death/no03", "volume":0.5},
            {"name":"mob/villager/elden-ring/death/no05", "volume":0.5},
            {"name":"mob/villager/elden-ring/death/no06", "volume":0.5},
            {"name":"mob/villager/elden-ring/death/no-dont-make-me-cry", "volume":0.5},
            {"name":"mob/villager/elden-ring/death/oh04", "volume":0.5},
            {"name":"mob/villager/elden-ring/death/oh-i-actually-died", "volume":0.5},
            {"name":"mob/villager/elden-ring/death/oh-im-covered-in-blood", "volume":0.5},
            {"name":"mob/villager/elden-ring/death/oh-my-god03", "volume":0.5},
            {"name":"mob/villager/elden-ring/death/oh-my-god-my-god", "volume":0.5},
            {"name":"mob/villager/elden-ring/death/oh-my-god-oh-my-god-oh-my-god", "volume":0.5},
            {"name":"mob/villager/elden-ring/death/oh-no-dont-do-that-thats-so-mean", "volume":0.5},
            {"name":"mob/villager/elden-ring/death/oh-no-laugh", "volume":0.5},
            {"name":"mob/villager/elden-ring/death/ok-that-one-i-kinda-looked-at-chat-im-sorry", "volume":0.5},
            {"name":"mob/villager/elden-ring/death/ok-we-get-it", "volume":0.5},
            {"name":"mob/villager/elden-ring/death/ooh-my-god-i-dont-like-that", "volume":0.5},
            {"name":"mob/villager/elden-ring/death/ooh-ooh-ooh-ok", "volume":0.5},
            {"name":"mob/villager/elden-ring/death/ooh-that-was-so-mean", "volume":0.5},
            {"name":"mob/villager/elden-ring/death/please-please", "volume":0.5},
            {"name":"mob/villager/elden-ring/death/please-theres-only-so-much-fish-a-girl-can-handle", "volume":0.5},
            {"name":"mob/villager/elden-ring/death/thats-also-a-hate-crime", "volume":0.5},
            {"name":"mob/villager/elden-ring/death/thats-so-mean", "volume":0.5},
            {"name":"mob/villager/elden-ring/death/that-was-terrifying", "volume":0.5},
            {"name":"mob/villager/elden-ring/death/various-what01", "volume":0.5},
            {"name":"mob/villager/elden-ring/death/various-what02", "volume":0.5},
            {"name":"mob/villager/elden-ring/death/wait-really", "volume":0.5},
            {"name":"mob/villager/elden-ring/death/wait-thats-a-second-phase-i-thought-i-died", "volume":0.5}
        ],
        "subtitle": "subtitles.entity.villager.death"
    },
    "entity.villager.hurt": {
        "replace":true,
        "sounds": [
            {"name":"mob/villager/original/hurt/hit01", "volume":0.5},
            {"name":"mob/villager/original/hurt/hit02", "volume":0.5},
            {"name":"mob/villager/original/hurt/hit03", "volume":0.5},
            {"name":"mob/villager/original/hurt/hit04", "volume":0.5},
            {"name":"mob/villager/misc/hurt/hit05", "volume":0.5},
            {"name":"mob/villager/misc/hurt/hit06", "volume":0.5},
            {"name":"mob/villager/misc/hurt/hit07", "volume":0.5},
            {"name":"mob/villager/misc/hurt/hit08", "volume":0.5},
            {"name":"mob/villager/elden-ring/hurt/ahh01", "volume":0.5},
            {"name":"mob/villager/elden-ring/hurt/ahh02", "volume":0.5},
            {"name":"mob/villager/elden-ring/hurt/ahh03", "volume":0.5},
            {"name":"mob/villager/elden-ring/hurt/ahh04", "volume":0.5},
            {"name":"mob/villager/elden-ring/hurt/ahh05", "volume":0.5},
            {"name":"mob/villager/elden-ring/hurt/ahh06", "volume":0.5},
            {"name":"mob/villager/elden-ring/hurt/ahh07", "volume":0.5},
            {"name":"mob/villager/elden-ring/hurt/ahh08", "volume":0.5},
            {"name":"mob/villager/elden-ring/hurt/ahh09", "volume":0.5},
            {"name":"mob/villager/elden-ring/hurt/ahh10", "volume":0.5},
            {"name":"mob/villager/elden-ring/hurt/ahh11", "volume":0.5},
            {"name":"mob/villager/elden-ring/hurt/ahh12", "volume":0.5},
            {"name":"mob/villager/elden-ring/hurt/ahh13", "volume":0.5},
            {"name":"mob/villager/elden-ring/hurt/ahh14", "volume":0.5},
            {"name":"mob/villager/elden-ring/hurt/ahh15", "volume":0.5},
            {"name":"mob/villager/elden-ring/hurt/ahh17", "volume":0.5},
            {"name":"mob/villager/elden-ring/hurt/ahh18", "volume":0.5},
            {"name":"mob/villager/elden-ring/hurt/ahh19", "volume":0.5},
            {"name":"mob/villager/elden-ring/hurt/ahh20", "volume":0.5},
            {"name":"mob/villager/elden-ring/hurt/ahh21", "volume":0.5},
            {"name":"mob/villager/elden-ring/hurt/ahh22", "volume":0.5},
            {"name":"mob/villager/elden-ring/hurt/ahh23", "volume":0.5},
            {"name":"mob/villager/elden-ring/hurt/ahh24", "volume":0.5},
            {"name":"mob/villager/elden-ring/hurt/ahh25", "volume":0.5},
            {"name":"mob/villager/elden-ring/hurt/ahh26", "volume":0.5},
            {"name":"mob/villager/elden-ring/hurt/ahh27", "volume":0.5},
            {"name":"mob/villager/elden-ring/hurt/ahh28", "volume":0.5},
            {"name":"mob/villager/elden-ring/hurt/ahh29", "volume":0.5},
            {"name":"mob/villager/elden-ring/hurt/ahh30", "volume":0.5},
            {"name":"mob/villager/elden-ring/hurt/ahh-no01", "volume":0.5},
            {"name":"mob/villager/elden-ring/hurt/ai02", "volume":0.5},
            {"name":"mob/villager/elden-ring/hurt/all-right-nearly-dead", "volume":0.5},
            {"name":"mob/villager/elden-ring/hurt/ash", "volume":0.5},
            {"name":"mob/villager/elden-ring/hurt/aww-man02", "volume":0.5},
            {"name":"mob/villager/elden-ring/hurt/aww-man03", "volume":0.5},
            {"name":"mob/villager/elden-ring/hurt/aww-man04", "volume":0.5},
            {"name":"mob/villager/elden-ring/hurt/bro02", "volume":0.5},
            {"name":"mob/villager/elden-ring/hurt/bro03", "volume":0.5},
            {"name":"mob/villager/elden-ring/hurt/bro-what", "volume":0.5},
            {"name":"mob/villager/elden-ring/hurt/gasp01", "volume":0.5},
            {"name":"mob/villager/elden-ring/hurt/gasp02", "volume":0.5},
            {"name":"mob/villager/elden-ring/hurt/gasp03", "volume":0.5},
            {"name":"mob/villager/elden-ring/hurt/gasp04", "volume":0.5},
            {"name":"mob/villager/elden-ring/hurt/gasp05", "volume":0.5},
            {"name":"mob/villager/elden-ring/hurt/gasp06", "volume":0.5},
            {"name":"mob/villager/elden-ring/hurt/gasp07", "volume":0.5},
            {"name":"mob/villager/elden-ring/hurt/gasp08", "volume":0.5},
            {"name":"mob/villager/elden-ring/hurt/gasp09", "volume":0.5},
            {"name":"mob/villager/elden-ring/hurt/hey01", "volume":0.5},
            {"name":"mob/villager/elden-ring/hurt/hey-dont-smack-me-man", "volume":0.5},
            {"name":"mob/villager/elden-ring/hurt/hey-man", "volume":0.5},
            {"name":"mob/villager/elden-ring/hurt/my-health", "volume":0.5},
            {"name":"mob/villager/elden-ring/hurt/no-please-stop", "volume":0.5},
            {"name":"mob/villager/elden-ring/hurt/no02", "volume":0.5},
            {"name":"mob/villager/elden-ring/hurt/no04", "volume":0.5},
            {"name":"mob/villager/elden-ring/hurt/no07", "volume":0.5},
            {"name":"mob/villager/elden-ring/hurt/no08", "volume":0.5},
            {"name":"mob/villager/elden-ring/hurt/no10", "volume":0.5},
            {"name":"mob/villager/elden-ring/hurt/no11", "volume":0.5},
            {"name":"mob/villager/elden-ring/hurt/no13", "volume":0.5},
            {"name":"mob/villager/elden-ring/hurt/no16", "volume":0.5},
            {"name":"mob/villager/elden-ring/hurt/oh01", "volume":0.5},
            {"name":"mob/villager/elden-ring/hurt/oh02", "volume":0.5},
            {"name":"mob/villager/elden-ring/hurt/oh03", "volume":0.5},
            {"name":"mob/villager/elden-ring/hurt/oh05", "volume":0.5},
            {"name":"mob/villager/elden-ring/hurt/oh06", "volume":0.5},
            {"name":"mob/villager/elden-ring/hurt/oh07", "volume":0.5},
            {"name":"mob/villager/elden-ring/hurt/oh08", "volume":0.5},
            {"name":"mob/villager/elden-ring/hurt/oh-no01", "volume":0.5},
            {"name":"mob/villager/elden-ring/hurt/oh-no11", "volume":0.5},
            {"name":"mob/villager/elden-ring/hurt/oh-no12", "volume":0.5},
            {"name":"mob/villager/elden-ring/hurt/oh-no13", "volume":0.5},
            {"name":"mob/villager/elden-ring/hurt/oh-no14", "volume":0.5},
            {"name":"mob/villager/elden-ring/hurt/oh-no15", "volume":0.5},
            {"name":"mob/villager/elden-ring/hurt/oh-no-oh-no-oh-no", "volume":0.5},
            {"name":"mob/villager/elden-ring/hurt/oh-god01", "volume":0.5},
            {"name":"mob/villager/elden-ring/hurt/oh-god02", "volume":0.5},
            {"name":"mob/villager/elden-ring/hurt/oh-lord-ok", "volume":0.5},
            {"name":"mob/villager/elden-ring/hurt/oh-my-god04", "volume":0.5},
            {"name":"mob/villager/elden-ring/hurt/oh-my-god05", "volume":0.5},
            {"name":"mob/villager/elden-ring/hurt/oh-my-god06", "volume":0.5},
            {"name":"mob/villager/elden-ring/hurt/oh-my-god07", "volume":0.5},
            {"name":"mob/villager/elden-ring/hurt/oh-my-god08", "volume":0.5},
            {"name":"mob/villager/elden-ring/hurt/oh-my-god-im-down-to-one-hp", "volume":0.5},
            {"name":"mob/villager/elden-ring/hurt/oh-no06", "volume":0.5},
            {"name":"mob/villager/elden-ring/hurt/ooh01", "volume":0.5},
            {"name":"mob/villager/elden-ring/hurt/ooh02", "volume":0.5},
            {"name":"mob/villager/elden-ring/hurt/ooh-god-ok", "volume":0.5},
            {"name":"mob/villager/elden-ring/hurt/ooh-no", "volume":0.5},
            {"name":"mob/villager/elden-ring/hurt/ow", "volume":0.5},
            {"name":"mob/villager/elden-ring/hurt/please01", "volume":0.5},
            {"name":"mob/villager/elden-ring/hurt/please02", "volume":0.5},
            {"name":"mob/villager/elden-ring/hurt/scream01", "volume":0.5},
            {"name":"mob/villager/elden-ring/hurt/scream02", "volume":0.5},
            {"name":"mob/villager/elden-ring/hurt/squeal", "volume":0.5},
            {"name":"mob/villager/elden-ring/hurt/stay-away-from-me", "volume":0.5},
            {"name":"mob/villager/elden-ring/hurt/uhh01", "volume":0.5},
            {"name":"mob/villager/elden-ring/hurt/uhh02", "volume":0.5},
            {"name":"mob/villager/elden-ring/hurt/uh-my-god", "volume":0.5},
            {"name":"mob/villager/elden-ring/hurt/wahh01", "volume":0.5},
            {"name":"mob/villager/elden-ring/hurt/wait", "volume":0.5}
        ],
        "subtitle": "subtitles.entity.villager.hurt"
    },
    "entity.villager.no": {
        "replace":true,
        "sounds": [
            {"name":"mob/villager/original/no/no01", "volume":0.5},
            {"name":"mob/villager/original/no/no02", "volume":0.5},
            {"name":"mob/villager/original/no/no03", "volume":0.5},
            {"name":"mob/villager/misc/no/no04", "volume":0.5},
            {"name":"mob/villager/misc/no/no05", "volume":0.5},
            {"name":"mob/villager/misc/no/no06", "volume":0.5},
            {"name":"mob/villager/elden-ring/no/blasphemous", "volume":0.5},
            {"name":"mob/villager/elden-ring/no/chuckle", "volume":0.5},
            {"name":"mob/villager/elden-ring/no/do-not", "volume":0.5},
            {"name":"mob/villager/elden-ring/no/do-not-do-that01", "volume":0.5},
            {"name":"mob/villager/elden-ring/no/do-not-do-that02", "volume":0.5},
            {"name":"mob/villager/elden-ring/no/dude", "volume":0.5},
            {"name":"mob/villager/elden-ring/no/dude-i-could-never", "volume":0.5},
            {"name":"mob/villager/elden-ring/no/excuse-me", "volume":0.5},
            {"name":"mob/villager/elden-ring/trade/i-dont-know", "volume":0.5},
            {"name":"mob/villager/elden-ring/no/i-may-suck", "volume":0.5},
            {"name":"mob/villager/elden-ring/no/im-not-saying-anything", "volume":0.5},
            {"name":"mob/villager/elden-ring/no/im-not-that-short", "volume":0.5},
            {"name":"mob/villager/elden-ring/no/im-sorry", "volume":0.5},
            {"name":"mob/villager/elden-ring/no/its-a-bad-time", "volume":0.5},
            {"name":"mob/villager/elden-ring/no/its-far-too-much-honestly", "volume":0.5},
            {"name":"mob/villager/elden-ring/no/less-satisfying-than-i-thought", "volume":0.5},
            {"name":"mob/villager/elden-ring/no/no01", "volume":0.5},
            {"name":"mob/villager/elden-ring/no/no10", "volume":0.5},
            {"name":"mob/villager/elden-ring/no/no12", "volume":0.5},
            {"name":"mob/villager/elden-ring/no/no14", "volume":0.5},
            {"name":"mob/villager/elden-ring/no/no15", "volume":0.5},
            {"name":"mob/villager/elden-ring/no/no-way", "volume":0.5},
            {"name":"mob/villager/elden-ring/no/oh-no02", "volume":0.5},
            {"name":"mob/villager/elden-ring/no/oh-no03", "volume":0.5},
            {"name":"mob/villager/elden-ring/no/oh-no04", "volume":0.5},
            {"name":"mob/villager/elden-ring/no/oh-no05", "volume":0.5},
            {"name":"mob/villager/elden-ring/no/oh-no07", "volume":0.5},
            {"name":"mob/villager/elden-ring/no/oh-no09", "volume":0.5},
            {"name":"mob/villager/elden-ring/no/oh-no10", "volume":0.5},
            {"name":"mob/villager/elden-ring/no/please-do-not01", "volume":0.5},
            {"name":"mob/villager/elden-ring/no/please-do-not02", "volume":0.5},
            {"name":"mob/villager/elden-ring/no/please-do-not03", "volume":0.5},
            {"name":"mob/villager/elden-ring/no/please-dont", "volume":0.5},
            {"name":"mob/villager/elden-ring/no/please-no", "volume":0.5},
            {"name":"mob/villager/elden-ring/no/shtop", "volume":0.5},
            {"name":"mob/villager/elden-ring/no/stop-it", "volume":0.5},
            {"name":"mob/villager/elden-ring/no/thats-wrong", "volume":0.5}
        ],
        "subtitle": "subtitles.entity.villager.no"
    },
    "entity.villager.trade": {
        "replace":true,
        "sounds": [
            {"name":"mob/villager/original/trade/haggle01", "volume":0.5},
            {"name":"mob/villager/original/trade/haggle02", "volume":0.5},
            {"name":"mob/villager/original/trade/haggle03", "volume":0.5},
            {"name":"mob/villager/misc/trade/haggle04", "volume":0.5},
            {"name":"mob/villager/misc/trade/haggle05", "volume":0.5},
            {"name":"mob/villager/elden-ring/trade/37-thats-nothing-bro", "volume":0.5},
            {"name":"mob/villager/elden-ring/trade/aha", "volume":0.5},
            {"name":"mob/villager/elden-ring/trade/anything-i-can-do-to-help", "volume":0.5},
            {"name":"mob/villager/elden-ring/trade/are-we-done", "volume":0.5},
            {"name":"mob/villager/elden-ring/trade/are-you-ok01", "volume":0.5},
            {"name":"mob/villager/elden-ring/trade/are-you-ok02", "volume":0.5},
            {"name":"mob/villager/elden-ring/ambient/burp01", "volume":0.5},
            {"name":"mob/villager/elden-ring/ambient/burp02", "volume":0.5},
            {"name":"mob/villager/elden-ring/ambient/burp03", "volume":0.5},
            {"name":"mob/villager/elden-ring/ambient/burp04", "volume":0.5},
            {"name":"mob/villager/elden-ring/ambient/burp07", "volume":0.5},
            {"name":"mob/villager/elden-ring/trade/classic", "volume":0.5},
            {"name":"mob/villager/elden-ring/trade/close-enough", "volume":0.5},
            {"name":"mob/villager/elden-ring/trade/could-i-have-it-anyway", "volume":0.5},
            {"name":"mob/villager/elden-ring/trade/did-everyone-get-their-egg", "volume":0.5},
            {"name":"mob/villager/elden-ring/trade/do-you-know-the-sacred-words", "volume":0.5},
            {"name":"mob/villager/elden-ring/trade/every-story-here-is-related-have-you-heard-me-talk", "volume":0.5},
            {"name":"mob/villager/elden-ring/trade/get-your-last-minute-bets-in", "volume":0.5},
            {"name":"mob/villager/elden-ring/trade/hold-on", "volume":0.5},
            {"name":"mob/villager/elden-ring/trade/how-do-i-not-have-that", "volume":0.5},
            {"name":"mob/villager/elden-ring/trade/hows-your-morning-going", "volume":0.5},
            {"name":"mob/villager/elden-ring/trade/i-can-do-anything", "volume":0.5},
            {"name":"mob/villager/elden-ring/yes/i-can-do-that", "volume":0.5},
            {"name":"mob/villager/elden-ring/yes/i-can-put-up-with-that", "volume":0.5},
            {"name":"mob/villager/elden-ring/yes/i-can-take-that-thats-ok", "volume":0.5},
            {"name":"mob/villager/elden-ring/trade/i-dont-know", "volume":0.5},
            {"name":"mob/villager/elden-ring/trade/i-dont-know-what-else-i-can-offer-in-this-time", "volume":0.5},
            {"name":"mob/villager/elden-ring/trade/i-dont-really-have-any-good", "volume":0.5},
            {"name":"mob/villager/elden-ring/trade/if-they-make-you-uncomfortable", "volume":0.5},
            {"name":"mob/villager/elden-ring/trade/i-guess-i-changed-the-minimum-to-50", "volume":0.5},
            {"name":"mob/villager/elden-ring/trade/i-hope-works-going-ok", "volume":0.5},
            {"name":"mob/villager/elden-ring/trade/i-keep-getting-distracted-im-so-sorry", "volume":0.5},
            {"name":"mob/villager/elden-ring/trade/i-kinda-feel-like-weve-had-some-very-good-vibes", "volume":0.5},
            {"name":"mob/villager/elden-ring/trade/im-blinking-at-you-seductively", "volume":0.5},
            {"name":"mob/villager/elden-ring/trade/im-giving-you-the-eye", "volume":0.5},
            {"name":"mob/villager/elden-ring/trade/i-might-have-sold-it", "volume":0.5},
            {"name":"mob/villager/elden-ring/trade/im-pretty-sure-i-got-everything", "volume":0.5},
            {"name":"mob/villager/elden-ring/trade/im-very-excited", "volume":0.5},
            {"name":"mob/villager/elden-ring/trade/i-need-that-you-know", "volume":0.5},
            {"name":"mob/villager/elden-ring/yes/i-would-kinda-love-that", "volume":0.5},
            {"name":"mob/villager/elden-ring/trade/is-it-this", "volume":0.5},
            {"name":"mob/villager/elden-ring/trade/is-that-going-to-work", "volume":0.5},
            {"name":"mob/villager/elden-ring/trade/ive-only-got-four-left", "volume":0.5},
            {"name":"mob/villager/elden-ring/trade/lets-figure-it-out", "volume":0.5},
            {"name":"mob/villager/elden-ring/trade/lets-make-some-numbers-that-make-me-smile", "volume":0.5},
            {"name":"mob/villager/elden-ring/trade/look-me-in-my-eyes", "volume":0.5},
            {"name":"mob/villager/elden-ring/trade/new-items-can-be-purchased", "volume":0.5},
            {"name":"mob/villager/elden-ring/trade/look-at-this01", "volume":0.5},
            {"name":"mob/villager/elden-ring/trade/look-at-this02", "volume":0.5},
            {"name":"mob/villager/elden-ring/trade/me", "volume":0.5},
            {"name":"mob/villager/elden-ring/trade/oh-my-god-i-have-so-many-of-these-things", "volume":0.5},
            {"name":"mob/villager/elden-ring/trade/oh-really", "volume":0.5},
            {"name":"mob/villager/elden-ring/trade/ok-dude-i-see-you-dude", "volume":0.5},
            {"name":"mob/villager/elden-ring/trade/ok-i-can-do-that", "volume":0.5},
            {"name":"mob/villager/elden-ring/trade/ok-well-i-dont-need-that", "volume":0.5},
            {"name":"mob/villager/elden-ring/trade/please-be-nice", "volume":0.5},
            {"name":"mob/villager/elden-ring/trade/take-my-stuff", "volume":0.5},
            {"name":"mob/villager/elden-ring/trade/thank-you-so-much-for-hangin-out-ok", "volume":0.5},
            {"name":"mob/villager/elden-ring/trade/that-feels-like-a-lot02", "volume":0.5},
            {"name":"mob/villager/elden-ring/trade/that-is-a-prettier-number", "volume":0.5},
            {"name":"mob/villager/elden-ring/trade/that-is-so-fair", "volume":0.5},
            {"name":"mob/villager/elden-ring/trade/thats-all-i-have-for-you", "volume":0.5},
            {"name":"mob/villager/elden-ring/trade/the-places-that-you-access-in-portals", "volume":0.5},
            {"name":"mob/villager/elden-ring/trade/theres-a-fish-inside-me-it-go-glug-glug-glug", "volume":0.5},
            {"name":"mob/villager/elden-ring/trade/this-is-my-true-form", "volume":0.5},
            {"name":"mob/villager/elden-ring/trade/ugly-things-dont-jive-with-my-eyes-man", "volume":0.5},
            {"name":"mob/villager/elden-ring/trade/uh-where-is-it", "volume":0.5},
            {"name":"mob/villager/elden-ring/trade/i-will-think-about-it01", "volume":0.5},
            {"name":"mob/villager/elden-ring/trade/i-will-think-about-it02", "volume":0.5},
            {"name":"mob/villager/elden-ring/trade/wait-what-is-this", "volume":0.5},
            {"name":"mob/villager/elden-ring/trade/we-feelin-good-now", "volume":0.5},
            {"name":"mob/villager/elden-ring/trade/welcome-in", "volume":0.5}
        ],
        "subtitle": "subtitles.entity.villager.trade"
    },
    "entity.villager.yes": {
        "replace":true,
        "sounds": [
            {"name":"mob/villager/original/yes/yes01", "volume":0.5},
            {"name":"mob/villager/original/yes/yes02", "volume":0.5},
            {"name":"mob/villager/original/yes/yes03", "volume":0.5},
            {"name":"mob/villager/misc/yes/yes04", "volume":0.5},
            {"name":"mob/villager/misc/yes/yes05", "volume":0.5},
            {"name":"mob/villager/misc/yes/yes06", "volume":0.5},
            {"name":"mob/villager/misc/yes/yes07", "volume":0.5},
            {"name":"mob/villager/elden-ring/yes/all-right", "volume":0.5},
            {"name":"mob/villager/elden-ring/yes/can-one-of-the-mods-please-pay-it-out", "volume":0.5},
            {"name":"mob/villager/elden-ring/yes/done-done-done", "volume":0.5},
            {"name":"mob/villager/elden-ring/yes/exactly01", "volume":0.5},
            {"name":"mob/villager/elden-ring/yes/exactly02", "volume":0.5},
            {"name":"mob/villager/elden-ring/yes/exactly03", "volume":0.5},
            {"name":"mob/villager/elden-ring/yes/get-amongst-it", "volume":0.5},
            {"name":"mob/villager/elden-ring/yes/i-appreciate-it-so-much", "volume":0.5},
            {"name":"mob/villager/elden-ring/yes/i-appreciate-that", "volume":0.5},
            {"name":"mob/villager/elden-ring/yes/i-can-do-that", "volume":0.5},
            {"name":"mob/villager/elden-ring/yes/i-can-put-up-with-that", "volume":0.5},
            {"name":"mob/villager/elden-ring/yes/i-can-take-that-thats-ok", "volume":0.5},
            {"name":"mob/villager/elden-ring/yes/i-guess", "volume":0.5},
            {"name":"mob/villager/elden-ring/trade/i-need-that-you-know", "volume":0.5},
            {"name":"mob/villager/elden-ring/yes/i-would-kinda-love-that", "volume":0.5},
            {"name":"mob/villager/elden-ring/yes/ok01", "volume":0.5},
            {"name":"mob/villager/elden-ring/yes/ok02", "volume":0.5},
            {"name":"mob/villager/elden-ring/yes/ok03", "volume":0.5},
            {"name":"mob/villager/elden-ring/yes/ok04", "volume":0.5},
            {"name":"mob/villager/elden-ring/yes/ok05", "volume":0.5},
            {"name":"mob/villager/elden-ring/yes/ok06", "volume":0.5},
            {"name":"mob/villager/elden-ring/yes/ok07", "volume":0.5},
            {"name":"mob/villager/elden-ring/yes/ok08", "volume":0.5},
            {"name":"mob/villager/elden-ring/yes/ok09", "volume":0.5},
            {"name":"mob/villager/elden-ring/yes/ok10", "volume":0.5},
            {"name":"mob/villager/elden-ring/yes/ok11", "volume":0.5},
            {"name":"mob/villager/elden-ring/yes/ok-ok02", "volume":0.5},
            {"name":"mob/villager/elden-ring/yes/ok-ok03", "volume":0.5},
            {"name":"mob/villager/elden-ring/yes/ok-ok-ok", "volume":0.5},
            {"name":"mob/villager/elden-ring/yes/ok-there-we-go", "volume":0.5},
            {"name":"mob/villager/elden-ring/yes/ok-we-can-accept-that", "volume":0.5},
            {"name":"mob/villager/elden-ring/yes/ok-were-fine", "volume":0.5},
            {"name":"mob/villager/elden-ring/yes/ooh-so-good", "volume":0.5},
            {"name":"mob/villager/elden-ring/yes/ooohh", "volume":0.5},
            {"name":"mob/villager/elden-ring/yes/priceless", "volume":0.5},
            {"name":"mob/villager/elden-ring/yes/right01", "volume":0.5},
            {"name":"mob/villager/elden-ring/yes/right02", "volume":0.5},
            {"name":"mob/villager/elden-ring/yes/seems-all-right", "volume":0.5},
            {"name":"mob/villager/elden-ring/yes/seems-ok-i-guess", "volume":0.5},
            {"name":"mob/villager/elden-ring/celebrate/so-good", "volume":0.5},
            {"name":"mob/villager/elden-ring/yes/tasty", "volume":0.5},
            {"name":"mob/villager/elden-ring/yes/thank-you02", "volume":0.5},
            {"name":"mob/villager/elden-ring/yes/thank-you03", "volume":0.5},
            {"name":"mob/villager/elden-ring/yes/thank-you04", "volume":0.5},
            {"name":"mob/villager/elden-ring/yes/thank-you05", "volume":0.5},
            {"name":"mob/villager/elden-ring/yes/thank-you06", "volume":0.5},
            {"name":"mob/villager/elden-ring/yes/thank-you-buddy", "volume":0.5},
            {"name":"mob/villager/elden-ring/yes/thank-you-for-collecting-an-egg01", "volume":0.5},
            {"name":"mob/villager/elden-ring/yes/thank-you-for-collecting-an-egg02", "volume":0.5},
            {"name":"mob/villager/elden-ring/yes/thank-you-for-collecting-an-egg-dude", "volume":0.5},
            {"name":"mob/villager/elden-ring/yes/thank-you-for-everything01", "volume":0.5},
            {"name":"mob/villager/elden-ring/yes/thank-you-for-everything02", "volume":0.5},
            {"name":"mob/villager/elden-ring/yes/thank-you-for-the-bitties", "volume":0.5},
            {"name":"mob/villager/elden-ring/yes/thank-you-for-the-bitties-i-appreciate-that", "volume":0.5},
            {"name":"mob/villager/elden-ring/yes/thank-you-for-the-fish-dude", "volume":0.5},
            {"name":"mob/villager/elden-ring/yes/thank-you-for-throwing-things-at-my-face01", "volume":0.5},
            {"name":"mob/villager/elden-ring/yes/thank-you-for-throwing-things-at-my-face02", "volume":0.5},
            {"name":"mob/villager/elden-ring/yes/thank-you-for-throwing-things-at-my-face03", "volume":0.5},
            {"name":"mob/villager/elden-ring/yes/thank-you-so-much02", "volume":0.5},
            {"name":"mob/villager/elden-ring/yes/there-it-is", "volume":0.5},
            {"name":"mob/villager/elden-ring/yes/there-we-go", "volume":0.5},
            {"name":"mob/villager/elden-ring/yes/there-you-go01", "volume":0.5},
            {"name":"mob/villager/elden-ring/yes/there-you-go02", "volume":0.5}
        ],
        "subtitle": "subtitles.entity.villager.yes"
    },
    "entity.witch.ambient": {
        "replace":true,
        "sounds": [
            {"name":"entity/witch/elden-ring/ambient/cackle01", "volume":0.7},
            {"name":"entity/witch/elden-ring/ambient/cackle02", "volume":0.7},
            {"name":"entity/witch/elden-ring/ambient/cackle03", "volume":0.7},
            {"name":"entity/witch/elden-ring/ambient/cackle04", "volume":0.7},
            {"name":"entity/witch/elden-ring/ambient/cackle05", "volume":0.7},
            {"name":"entity/witch/elden-ring/ambient/cackle06", "volume":0.7},
            {"name":"entity/witch/elden-ring/ambient/cackle07", "volume":0.7},
            {"name":"entity/witch/elden-ring/ambient/cackle08", "volume":0.7},
            {"name":"entity/witch/elden-ring/ambient/cackle09", "volume":0.7},
            {"name":"entity/witch/elden-ring/ambient/cackle12", "volume":0.7},
            {"name":"entity/witch/elden-ring/ambient/cackle13", "volume":0.7},
            {"name":"entity/witch/elden-ring/ambient/cackle14", "volume":0.7},
            {"name":"entity/witch/elden-ring/ambient/giggle03", "volume":0.7}
        ],
        "subtitle": "subtitles.entity.witch.ambient"
    },
    "entity.witch.celebrate": {
        "replace":true,
        "sounds": [
            {"name":"entity/witch/elden-ring/celebrate/cackle10", "volume":0.7},
            {"name":"entity/witch/elden-ring/celebrate/cackle11", "volume":0.7},
            {"name":"entity/witch/elden-ring/celebrate/long-laugh", "volume":0.7}
        ],
        "subtitle": "subtitles.entity.witch.celebrate"
    },
    "entity.witch.death": {
        "sounds": [
        ],
        "subtitle": "subtitles.entity.witch.death"
    },
    "entity.witch.drink": {
        "sounds": [
        ],
        "subtitle": "subtitles.entity.witch.drink"
    },
    "entity.witch.hurt": {
        "sounds": [
        ],
        "subtitle": "subtitles.entity.witch.hurt"
    },
    "entity.witch.throw": {
        "sounds": [
        ],
        "subtitle": "subtitles.entity.witch.throw"
    },
    "music_disc.11": {
        "replace":true,
        "sounds": [
            {"name": "records/will-the-circle-be-unbroken", "weight":100, "stream": true},
            {"name": "records/still-alive", "weight":1, "stream": true}
        ]
    }
}
