{
    "entity.villager.ambient": {
        "replace":true,
        "sounds": [
            {"name":"hawkie:villager/ambient/ai01", "volume":0.5},
            {"name":"hawkie:villager/ambient/and", "volume":0.5},
            {"name":"hawkie:villager/ambient/burp01", "volume":0.5},
            {"name":"hawkie:villager/ambient/burp02", "volume":0.5},
            {"name":"hawkie:villager/ambient/burp03", "volume":0.5},
            {"name":"hawkie:villager/ambient/burp04", "volume":0.5},
            {"name":"hawkie:villager/ambient/burp07", "volume":0.5},
            {"name":"hawkie:villager/ambient/charlie-brown01", "volume":0.5},
            {"name":"hawkie:villager/ambient/four-big-guys", "volume":0.5},
            {"name":"hawkie:villager/ambient/hello01", "volume":0.5},
            {"name":"hawkie:villager/ambient/hello02", "volume":0.5},
            {"name":"hawkie:villager/ambient/hello03", "volume":0.5},
            {"name":"hawkie:villager/ambient/hello04", "volume":0.5},
            {"name":"hawkie:villager/ambient/hi01", "volume":0.5},
            {"name":"hawkie:villager/ambient/hi02", "volume":0.5},
            {"name":"hawkie:villager/ambient/how-are-ya", "volume":0.5},
            {"name":"hawkie:villager/ambient/how-are-you-doing01", "volume":0.5},
            {"name":"hawkie:villager/ambient/how-are-you-doing02", "volume":0.5},
            {"name":"hawkie:villager/ambient/idle01", "volume":0.5},
            {"name":"hawkie:villager/ambient/idle02", "volume":0.5},
            {"name":"hawkie:villager/ambient/idle03", "volume":0.5},
            {"name":"hawkie:villager/ambient/idle04", "volume":0.5},
            {"name":"hawkie:villager/ambient/idle05", "volume":0.5},
            {"name":"hawkie:villager/ambient/idle06", "volume":0.5},
            {"name":"hawkie:villager/ambient/laugh24", "volume":0.5},
            {"name":"hawkie:villager/ambient/laugh26", "volume":0.5},
            {"name":"hawkie:villager/ambient/laugh36", "volume":0.5},
            {"name":"hawkie:villager/ambient/laugh37", "volume":0.5},
            {"name":"hawkie:villager/ambient/laugh40", "volume":0.5},
            {"name":"hawkie:villager/ambient/laugh41", "volume":0.5},
            {"name":"hawkie:villager/ambient/mumbling01", "volume":0.5},
            {"name":"hawkie:villager/ambient/mumbling02", "volume":0.5},
            {"name":"hawkie:villager/ambient/mumbling03", "volume":0.5},
            {"name":"hawkie:villager/ambient/mumbling04", "volume":0.5},
            {"name":"hawkie:villager/ambient/oh-hello", "volume":0.5},
            {"name":"hawkie:villager/ambient/umm01", "volume":0.5},
            {"name":"hawkie:villager/ambient/umm02", "volume":0.5},
            {"name":"hawkie:villager/ambient/umm03", "volume":0.5},
            {"name":"hawkie:villager/ambient/umm04", "volume":0.5},
            {"name":"hawkie:villager/ambient/umm-oh", "volume":0.5},
            {"name":"hawkie:villager/ambient/unintelligible", "volume":0.5},
            {"name":"hawkie:villager/ambient/you-know01", "volume":0.5},
            {"name":"hawkie:villager/ambient/you-know02", "volume":0.5},
            {"name":"hawkie:villager/ambient/you-know03", "volume":0.5},
            {"name":"hawkie:villager/ambient/you-know04", "volume":0.5},
            {"name":"hawkie:villager/ambient/you-know-you-know", "volume":0.5}
        ],
        "subtitle": "subtitles.entity.villager.ambient"
    },
    "entity.villager.celebrate": {
        "replace":true,
        "sounds": [
            {"name":"hawkie:villager/celebrate/we-did-it-lets-go", "volume":0.5},
            {"name":"hawkie:villager/celebrate/and-i-hope-your-enemies-feel-a-little-bit-smaller", "volume":0.5},
            {"name":"hawkie:villager/celebrate/claps-and-hawk-love", "volume":0.5},
            {"name":"hawkie:villager/celebrate/dude-i-made-god", "volume":0.5},
            {"name":"hawkie:villager/celebrate/get-bozoed", "volume":0.5},
            {"name":"hawkie:villager/celebrate/guys-im-literally-going-to-cry", "volume":0.5},
            {"name":"hawkie:villager/celebrate/guys-im-tall", "volume":0.5},
            {"name":"hawkie:villager/celebrate/have-i-not-learned-so-much-about-the-game", "volume":0.5},
            {"name":"hawkie:villager/celebrate/holy", "volume":0.5},
            {"name":"hawkie:villager/celebrate/hope-you-guys-all-got-your-eggs", "volume":0.5},
            {"name":"hawkie:villager/celebrate/how-am-i-alive", "volume":0.5},
            {"name":"hawkie:villager/celebrate/i-am-the-smartest-woman-alive", "volume":0.5},
            {"name":"hawkie:villager/celebrate/i-appreciate-you-guys-so-so-much", "volume":0.5},
            {"name":"hawkie:villager/celebrate/i-believe-theres-going-to-be-a-cutscene", "volume":0.5},
            {"name":"hawkie:villager/celebrate/i-cant-believe-i-killed-god", "volume":0.5},
            {"name":"hawkie:villager/celebrate/i-could-get-around-a-good-amount-of-world-domination", "volume":0.5},
            {"name":"hawkie:villager/celebrate/i-destroyed-jesus", "volume":0.5},
            {"name":"hawkie:villager/celebrate/i-get-a-god-sword", "volume":0.5},
            {"name":"hawkie:villager/celebrate/i-killed-everybody-look-at-my-butter-knife", "volume":0.5},
            {"name":"hawkie:villager/celebrate/i-think-i-killed-a-guy-here", "volume":0.5},
            {"name":"hawkie:villager/celebrate/i-think-were-good", "volume":0.5},
            {"name":"hawkie:villager/celebrate/i-want-my-babybacks-babybacks-babybacks", "volume":0.5},
            {"name":"hawkie:villager/celebrate/i-will-buy-you-a-beer", "volume":0.5},
            {"name":"hawkie:villager/celebrate/lets-go01", "volume":0.5},
            {"name":"hawkie:villager/celebrate/lets-go02", "volume":0.5},
            {"name":"hawkie:villager/celebrate/lets-go03", "volume":0.5},
            {"name":"hawkie:villager/celebrate/naked-woman-beats-god-exactly-the-energy", "volume":0.5},
            {"name":"hawkie:villager/celebrate/oh-i-feel-so-cool", "volume":0.5},
            {"name":"hawkie:villager/celebrate/oh-im-so-happy", "volume":0.5},
            {"name":"hawkie:villager/celebrate/oo-oo", "volume":0.5},
            {"name":"hawkie:villager/celebrate/oo-oo02", "volume":0.5},
            {"name":"hawkie:villager/celebrate/please-clap", "volume":0.5},
            {"name":"hawkie:villager/celebrate/press-the-cutscene-button", "volume":0.5},
            {"name":"hawkie:villager/celebrate/problem-solved-i-guess-but-well-see", "volume":0.5},
            {"name":"hawkie:villager/celebrate/shining-balls-sound", "volume":0.5},
            {"name":"hawkie:villager/celebrate/so-good", "volume":0.5},
            {"name":"hawkie:villager/celebrate/thats-crazy-thats-insane", "volume":0.5},
            {"name":"hawkie:villager/celebrate/theres-gonna-be-a-cutscene-right-for-suresies", "volume":0.5},
            {"name":"hawkie:villager/celebrate/things-are-looking-up-milhouse", "volume":0.5},
            {"name":"hawkie:villager/celebrate/this-was-a-triumph", "volume":0.5},
            {"name":"hawkie:villager/celebrate/this-was-a-time", "volume":0.5},
            {"name":"hawkie:villager/celebrate/to-victory-boys", "volume":0.5},
            {"name":"hawkie:villager/celebrate/to-victory-boys-yo-ho", "volume":0.5},
            {"name":"hawkie:villager/celebrate/together-laugh01", "volume":0.5},
            {"name":"hawkie:villager/celebrate/together-laugh02", "volume":0.5},
            {"name":"hawkie:villager/celebrate/together-laugh03", "volume":0.5},
            {"name":"hawkie:villager/celebrate/together-laugh04", "volume":0.5},
            {"name":"hawkie:villager/celebrate/war-call01", "volume":0.5},
            {"name":"hawkie:villager/celebrate/we-finished-the-game", "volume":0.5},
            {"name":"hawkie:villager/celebrate/weve-seen-that-i-can-still-take-down-things-that-dont-bleed", "volume":0.5},
            {"name":"hawkie:villager/celebrate/we-will-rule-the-gods-together", "volume":0.5},
            {"name":"hawkie:villager/celebrate/where-is-the-victory-pose", "volume":0.5},
            {"name":"hawkie:villager/celebrate/yeah-it-was-cool", "volume":0.5},
            {"name":"hawkie:villager/celebrate/you-cant-stop-me", "volume":0.5},
            {"name":"hawkie:villager/celebrate/you-did-it", "volume":0.5},
            {"name":"hawkie:villager/celebrate/you-were-such-a-fun-fight", "volume":0.5},

            {"name":"hawkie:villager/trade/are-we-done", "volume":0.5},

            {"name":"hawkie:villager/yes/i-appreciate-it-so-much", "volume":0.5},
            {"name":"hawkie:villager/yes/yes02", "volume":0.5},
            {"name":"hawkie:villager/yes/yes03", "volume":0.5}
        ],
        "subtitle": "subtitles.entity.villager.celebrate"
    },
    "entity.villager.death": {
        "replace":true,
        "sounds": [
            {"name":"hawkie:villager/death/aaaaaaaaaa", "volume":0.5},
            {"name":"hawkie:villager/death/ahh16", "volume":0.5},
            {"name":"hawkie:villager/death/can-we-not-count-that-one-i-got-raided", "volume":0.5},
            {"name":"hawkie:villager/death/death01", "volume":0.5},
            {"name":"hawkie:villager/death/death02", "volume":0.5},
            {"name":"hawkie:villager/death/death03", "volume":0.5},
            {"name":"hawkie:villager/death/delete-that-message", "volume":0.5},
            {"name":"hawkie:villager/death/does-that-count-as-a-death", "volume":0.5},
            {"name":"hawkie:villager/death/he-looked-at-me-and-blinked-and-i-fell-apart", "volume":0.5},
            {"name":"hawkie:villager/death/i-have-nothing-but-a-butter-knife-please", "volume":0.5},
            {"name":"hawkie:villager/death/i-may-as-well-die", "volume":0.5},
            {"name":"hawkie:villager/death/i-may-suck-death", "volume":0.5},
            {"name":"hawkie:villager/death/im-having-a-heart-attack-and-a-half", "volume":0.5},
            {"name":"hawkie:villager/death/i-tried-everybody", "volume":0.5},
            {"name":"hawkie:villager/death/ive-died", "volume":0.5},
            {"name":"hawkie:villager/death/no03", "volume":0.5},
            {"name":"hawkie:villager/death/no05", "volume":0.5},
            {"name":"hawkie:villager/death/no06", "volume":0.5},
            {"name":"hawkie:villager/death/no-dont-make-me-cry", "volume":0.5},
            {"name":"hawkie:villager/death/oh04", "volume":0.5},
            {"name":"hawkie:villager/death/oh-i-actually-died", "volume":0.5},
            {"name":"hawkie:villager/death/oh-im-covered-in-blood", "volume":0.5},
            {"name":"hawkie:villager/death/oh-my-god03", "volume":0.5},
            {"name":"hawkie:villager/death/oh-my-god-my-god", "volume":0.5},
            {"name":"hawkie:villager/death/oh-my-god-oh-my-god-oh-my-god", "volume":0.5},
            {"name":"hawkie:villager/death/oh-no-dont-do-that-thats-so-mean", "volume":0.5},
            {"name":"hawkie:villager/death/oh-no-laugh", "volume":0.5},
            {"name":"hawkie:villager/death/ok-that-one-i-kinda-looked-at-chat-im-sorry", "volume":0.5},
            {"name":"hawkie:villager/death/ok-we-get-it", "volume":0.5},
            {"name":"hawkie:villager/death/ooh-my-god-i-dont-like-that", "volume":0.5},
            {"name":"hawkie:villager/death/ooh-ooh-ooh-ok", "volume":0.5},
            {"name":"hawkie:villager/death/ooh-that-was-so-mean", "volume":0.5},
            {"name":"hawkie:villager/death/please-please", "volume":0.5},
            {"name":"hawkie:villager/death/please-theres-only-so-much-fish-a-girl-can-handle", "volume":0.5},
            {"name":"hawkie:villager/death/thats-also-a-hate-crime", "volume":0.5},
            {"name":"hawkie:villager/death/thats-so-mean", "volume":0.5},
            {"name":"hawkie:villager/death/that-was-terrifying", "volume":0.5},
            {"name":"hawkie:villager/death/various-what01", "volume":0.5},
            {"name":"hawkie:villager/death/various-what02", "volume":0.5},
            {"name":"hawkie:villager/death/wait-really", "volume":0.5},
            {"name":"hawkie:villager/death/wait-thats-a-second-phase-i-thought-i-died", "volume":0.5},
            {"name":"hawkie:villager/death/what03", "volume":0.5},
            {"name":"hawkie:villager/death/why", "volume":0.5},
            {"name":"hawkie:villager/death/woah-that-was-kinda-mean-man", "volume":0.5},
            {"name":"hawkie:villager/death/woo-woo-woo-woo-woo02", "volume":0.5},
            {"name":"hawkie:villager/death/wowwodawoda", "volume":0.5}
        ],
        "subtitle": "subtitles.entity.villager.death"
    },
    "entity.villager.hurt": {
        "replace":true,
        "sounds": [
            {"name":"hawkie:villager/hurt/ahh01", "volume":0.5},
            {"name":"hawkie:villager/hurt/ahh02", "volume":0.5},
            {"name":"hawkie:villager/hurt/ahh03", "volume":0.5},
            {"name":"hawkie:villager/hurt/ahh04", "volume":0.5},
            {"name":"hawkie:villager/hurt/ahh05", "volume":0.5},
            {"name":"hawkie:villager/hurt/ahh06", "volume":0.5},
            {"name":"hawkie:villager/hurt/ahh07", "volume":0.5},
            {"name":"hawkie:villager/hurt/ahh08", "volume":0.5},
            {"name":"hawkie:villager/hurt/ahh09", "volume":0.5},
            {"name":"hawkie:villager/hurt/ahh10", "volume":0.5},
            {"name":"hawkie:villager/hurt/ahh11", "volume":0.5},
            {"name":"hawkie:villager/hurt/ahh12", "volume":0.5},
            {"name":"hawkie:villager/hurt/ahh13", "volume":0.5},
            {"name":"hawkie:villager/hurt/ahh14", "volume":0.5},
            {"name":"hawkie:villager/hurt/ahh15", "volume":0.5},
            {"name":"hawkie:villager/hurt/ahh17", "volume":0.5},
            {"name":"hawkie:villager/hurt/ahh18", "volume":0.5},
            {"name":"hawkie:villager/hurt/ahh19", "volume":0.5},
            {"name":"hawkie:villager/hurt/ahh20", "volume":0.5},
            {"name":"hawkie:villager/hurt/ahh21", "volume":0.5},
            {"name":"hawkie:villager/hurt/ahh22", "volume":0.5},
            {"name":"hawkie:villager/hurt/ahh23", "volume":0.5},
            {"name":"hawkie:villager/hurt/ahh24", "volume":0.5},
            {"name":"hawkie:villager/hurt/ahh25", "volume":0.5},
            {"name":"hawkie:villager/hurt/ahh26", "volume":0.5},
            {"name":"hawkie:villager/hurt/ahh27", "volume":0.5},
            {"name":"hawkie:villager/hurt/ahh28", "volume":0.5},
            {"name":"hawkie:villager/hurt/ahh29", "volume":0.5},
            {"name":"hawkie:villager/hurt/ahh30", "volume":0.5},
            {"name":"hawkie:villager/hurt/ahh-no01", "volume":0.5},
            {"name":"hawkie:villager/hurt/ai02", "volume":0.5},
            {"name":"hawkie:villager/hurt/all-right-nearly-dead", "volume":0.5},
            {"name":"hawkie:villager/hurt/ash", "volume":0.5},
            {"name":"hawkie:villager/hurt/aww-man02", "volume":0.5},
            {"name":"hawkie:villager/hurt/aww-man03", "volume":0.5},
            {"name":"hawkie:villager/hurt/aww-man04", "volume":0.5},
            {"name":"hawkie:villager/hurt/bro02", "volume":0.5},
            {"name":"hawkie:villager/hurt/bro03", "volume":0.5},
            {"name":"hawkie:villager/hurt/bro-what", "volume":0.5},
            {"name":"hawkie:villager/hurt/gasp01", "volume":0.5},
            {"name":"hawkie:villager/hurt/gasp02", "volume":0.5},
            {"name":"hawkie:villager/hurt/gasp03", "volume":0.5},
            {"name":"hawkie:villager/hurt/gasp04", "volume":0.5},
            {"name":"hawkie:villager/hurt/gasp05", "volume":0.5},
            {"name":"hawkie:villager/hurt/gasp06", "volume":0.5},
            {"name":"hawkie:villager/hurt/gasp07", "volume":0.5},
            {"name":"hawkie:villager/hurt/gasp08", "volume":0.5},
            {"name":"hawkie:villager/hurt/gasp09", "volume":0.5},
            {"name":"hawkie:villager/hurt/hey01", "volume":0.5},
            {"name":"hawkie:villager/hurt/hey-dont-smack-me-man", "volume":0.5},
            {"name":"hawkie:villager/hurt/hey-man", "volume":0.5},
            {"name":"hawkie:villager/hurt/hit01", "volume":0.5},
            {"name":"hawkie:villager/hurt/hit02", "volume":0.5},
            {"name":"hawkie:villager/hurt/hit03", "volume":0.5},
            {"name":"hawkie:villager/hurt/hit04", "volume":0.5},
            {"name":"hawkie:villager/hurt/hit05", "volume":0.5},
            {"name":"hawkie:villager/hurt/hit06", "volume":0.5},
            {"name":"hawkie:villager/hurt/hit07", "volume":0.5},
            {"name":"hawkie:villager/hurt/hit08", "volume":0.5},
            {"name":"hawkie:villager/hurt/my-health", "volume":0.5},
            {"name":"hawkie:villager/hurt/no-please-stop", "volume":0.5},
            {"name":"hawkie:villager/hurt/no02", "volume":0.5},
            {"name":"hawkie:villager/hurt/no04", "volume":0.5},
            {"name":"hawkie:villager/hurt/no07", "volume":0.5},
            {"name":"hawkie:villager/hurt/no08", "volume":0.5},
            {"name":"hawkie:villager/hurt/no10", "volume":0.5},
            {"name":"hawkie:villager/hurt/no11", "volume":0.5},
            {"name":"hawkie:villager/hurt/no13", "volume":0.5},
            {"name":"hawkie:villager/hurt/no16", "volume":0.5},
            {"name":"hawkie:villager/hurt/oh01", "volume":0.5},
            {"name":"hawkie:villager/hurt/oh02", "volume":0.5},
            {"name":"hawkie:villager/hurt/oh03", "volume":0.5},
            {"name":"hawkie:villager/hurt/oh05", "volume":0.5},
            {"name":"hawkie:villager/hurt/oh06", "volume":0.5},
            {"name":"hawkie:villager/hurt/oh07", "volume":0.5},
            {"name":"hawkie:villager/hurt/oh08", "volume":0.5},
            {"name":"hawkie:villager/hurt/oh-no01", "volume":0.5},
            {"name":"hawkie:villager/hurt/oh-no11", "volume":0.5},
            {"name":"hawkie:villager/hurt/oh-no12", "volume":0.5},
            {"name":"hawkie:villager/hurt/oh-no13", "volume":0.5},
            {"name":"hawkie:villager/hurt/oh-no14", "volume":0.5},
            {"name":"hawkie:villager/hurt/oh-no15", "volume":0.5},
            {"name":"hawkie:villager/hurt/oh-no-oh-no-oh-no", "volume":0.5},
            {"name":"hawkie:villager/hurt/oh-god01", "volume":0.5},
            {"name":"hawkie:villager/hurt/oh-god02", "volume":0.5},
            {"name":"hawkie:villager/hurt/oh-lord-ok", "volume":0.5},
            {"name":"hawkie:villager/hurt/oh-my-god04", "volume":0.5},
            {"name":"hawkie:villager/hurt/oh-my-god05", "volume":0.5},
            {"name":"hawkie:villager/hurt/oh-my-god06", "volume":0.5},
            {"name":"hawkie:villager/hurt/oh-my-god07", "volume":0.5},
            {"name":"hawkie:villager/hurt/oh-my-god08", "volume":0.5},
            {"name":"hawkie:villager/hurt/oh-my-god-im-down-to-one-hp", "volume":0.5},
            {"name":"hawkie:villager/hurt/oh-no06", "volume":0.5},
            {"name":"hawkie:villager/hurt/ooh01", "volume":0.5},
            {"name":"hawkie:villager/hurt/ooh02", "volume":0.5},
            {"name":"hawkie:villager/hurt/ooh-god-ok", "volume":0.5},
            {"name":"hawkie:villager/hurt/ooh-no", "volume":0.5},
            {"name":"hawkie:villager/hurt/ow", "volume":0.5},
            {"name":"hawkie:villager/hurt/please01", "volume":0.5},
            {"name":"hawkie:villager/hurt/please02", "volume":0.5},
            {"name":"hawkie:villager/hurt/scream01", "volume":0.5},
            {"name":"hawkie:villager/hurt/scream02", "volume":0.5},
            {"name":"hawkie:villager/hurt/squeal", "volume":0.5},
            {"name":"hawkie:villager/hurt/stay-away-from-me", "volume":0.5},
            {"name":"hawkie:villager/hurt/uhh01", "volume":0.5},
            {"name":"hawkie:villager/hurt/uhh02", "volume":0.5},
            {"name":"hawkie:villager/hurt/uh-my-god", "volume":0.5},
            {"name":"hawkie:villager/hurt/wahh01", "volume":0.5},
            {"name":"hawkie:villager/hurt/wait", "volume":0.5},
            {"name":"hawkie:villager/hurt/why-did-you-do-that", "volume":0.5},
            {"name":"hawkie:villager/hurt/woah01", "volume":0.5},
            {"name":"hawkie:villager/hurt/woo02", "volume":0.5},
            {"name":"hawkie:villager/hurt/woo06", "volume":0.5},
            {"name":"hawkie:villager/hurt/woo07", "volume":0.5},
            {"name":"hawkie:villager/hurt/woo08", "volume":0.5},
            {"name":"hawkie:villager/hurt/woo-hey-dont-do-that", "volume":0.5}
        ],
        "subtitle": "subtitles.entity.villager.hurt"
    },
    "entity.villager.no": {
        "replace":true,
        "sounds": [
            {"name":"hawkie:villager/no/are-you-serious", "volume":0.5},
            {"name":"hawkie:villager/no/blasphemous", "volume":0.5},
            {"name":"hawkie:villager/no/chuckle", "volume":0.5},
            {"name":"hawkie:villager/no/do-not", "volume":0.5},
            {"name":"hawkie:villager/no/do-not-do-that01", "volume":0.5},
            {"name":"hawkie:villager/no/do-not-do-that02", "volume":0.5},
            {"name":"hawkie:villager/no/dude", "volume":0.5},
            {"name":"hawkie:villager/no/dude-i-could-never", "volume":0.5},
            {"name":"hawkie:villager/no/excuse-me", "volume":0.5},
            {"name":"hawkie:villager/no/i-dont-know02", "volume":0.5},
            {"name":"hawkie:villager/no/i-may-suck", "volume":0.5},
            {"name":"hawkie:villager/no/im-not-saying-anything", "volume":0.5},
            {"name":"hawkie:villager/no/im-not-that-short", "volume":0.5},
            {"name":"hawkie:villager/no/im-sorry", "volume":0.5},
            {"name":"hawkie:villager/no/its-a-bad-time", "volume":0.5},
            {"name":"hawkie:villager/no/its-far-too-much-honestly", "volume":0.5},
            {"name":"hawkie:villager/no/less-satisfying-than-i-thought", "volume":0.5},
            {"name":"hawkie:villager/no/no01", "volume":0.5},
            {"name":"hawkie:villager/no/no02", "volume":0.5},
            {"name":"hawkie:villager/no/no03", "volume":0.5},
            {"name":"hawkie:villager/no/no04", "volume":0.5},
            {"name":"hawkie:villager/no/no05", "volume":0.5},
            {"name":"hawkie:villager/no/no06", "volume":0.5},
            {"name":"hawkie:villager/no/no10", "volume":0.5},
            {"name":"hawkie:villager/no/no12", "volume":0.5},
            {"name":"hawkie:villager/no/no14", "volume":0.5},
            {"name":"hawkie:villager/no/no15", "volume":0.5},
            {"name":"hawkie:villager/no/no-way", "volume":0.5},
            {"name":"hawkie:villager/no/oh-no02", "volume":0.5},
            {"name":"hawkie:villager/no/oh-no03", "volume":0.5},
            {"name":"hawkie:villager/no/oh-no04", "volume":0.5},
            {"name":"hawkie:villager/no/oh-no05", "volume":0.5},
            {"name":"hawkie:villager/no/oh-no07", "volume":0.5},
            {"name":"hawkie:villager/no/oh-no09", "volume":0.5},
            {"name":"hawkie:villager/no/oh-no10", "volume":0.5},
            {"name":"hawkie:villager/no/please-do-not01", "volume":0.5},
            {"name":"hawkie:villager/no/please-do-not02", "volume":0.5},
            {"name":"hawkie:villager/no/please-do-not03", "volume":0.5},
            {"name":"hawkie:villager/no/please-dont", "volume":0.5},
            {"name":"hawkie:villager/no/please-no", "volume":0.5},
            {"name":"hawkie:villager/no/shtop", "volume":0.5},
            {"name":"hawkie:villager/no/shut01", "volume":0.5},
            {"name":"hawkie:villager/no/stop-it", "volume":0.5},
            {"name":"hawkie:villager/no/thats-wrong", "volume":0.5},
            {"name":"hawkie:villager/no/whatever", "volume":0.5},

            {"name":"hawkie:villager/trade/i-dont-know", "volume":0.5}
        ],
        "subtitle": "subtitles.entity.villager.no"
    },
    "entity.villager.trade": {
        "replace":true,
        "sounds": [
            {"name":"hawkie:villager/ambient/burp01", "volume":0.5},
            {"name":"hawkie:villager/ambient/burp02", "volume":0.5},
            {"name":"hawkie:villager/ambient/burp03", "volume":0.5},
            {"name":"hawkie:villager/ambient/burp04", "volume":0.5},
            {"name":"hawkie:villager/ambient/burp07", "volume":0.5},

            {"name":"hawkie:villager/trade/37-thats-nothing-bro", "volume":0.5},
            {"name":"hawkie:villager/trade/aha", "volume":0.5},
            {"name":"hawkie:villager/trade/anything-i-can-do-to-help", "volume":0.5},
            {"name":"hawkie:villager/trade/are-we-done", "volume":0.5},
            {"name":"hawkie:villager/trade/are-you-ok01", "volume":0.5},
            {"name":"hawkie:villager/trade/are-you-ok02", "volume":0.5},
            {"name":"hawkie:villager/trade/classic", "volume":0.5},
            {"name":"hawkie:villager/trade/close-enough", "volume":0.5},
            {"name":"hawkie:villager/trade/could-i-have-it-anyway", "volume":0.5},
            {"name":"hawkie:villager/trade/did-everyone-get-their-egg", "volume":0.5},
            {"name":"hawkie:villager/trade/do-you-know-the-sacred-words", "volume":0.5},
            {"name":"hawkie:villager/trade/every-story-here-is-related-have-you-heard-me-talk", "volume":0.5},
            {"name":"hawkie:villager/trade/get-your-last-minute-bets-in", "volume":0.5},
            {"name":"hawkie:villager/trade/haggle01", "volume":0.5},
            {"name":"hawkie:villager/trade/haggle02", "volume":0.5},
            {"name":"hawkie:villager/trade/haggle03", "volume":0.5},
            {"name":"hawkie:villager/trade/haggle04", "volume":0.5},
            {"name":"hawkie:villager/trade/haggle05", "volume":0.5},
            {"name":"hawkie:villager/trade/hold-on", "volume":0.5},
            {"name":"hawkie:villager/trade/how-do-i-not-have-that", "volume":0.5},
            {"name":"hawkie:villager/trade/hows-your-morning-going", "volume":0.5},
            {"name":"hawkie:villager/trade/i-can-do-anything", "volume":0.5},
            {"name":"hawkie:villager/trade/i-dont-know", "volume":0.5},
            {"name":"hawkie:villager/trade/i-dont-know-what-else-i-can-offer-in-this-time", "volume":0.5},
            {"name":"hawkie:villager/trade/i-dont-really-have-any-good", "volume":0.5},
            {"name":"hawkie:villager/trade/if-they-make-you-uncomfortable", "volume":0.5},
            {"name":"hawkie:villager/trade/i-guess-i-changed-the-minimum-to-50", "volume":0.5},
            {"name":"hawkie:villager/trade/i-hope-works-going-ok", "volume":0.5},
            {"name":"hawkie:villager/trade/i-keep-getting-distracted-im-so-sorry", "volume":0.5},
            {"name":"hawkie:villager/trade/i-kinda-feel-like-weve-had-some-very-good-vibes", "volume":0.5},
            {"name":"hawkie:villager/trade/im-blinking-at-you-seductively", "volume":0.5},
            {"name":"hawkie:villager/trade/im-giving-you-the-eye", "volume":0.5},
            {"name":"hawkie:villager/trade/i-might-have-sold-it", "volume":0.5},
            {"name":"hawkie:villager/trade/im-pretty-sure-i-got-everything", "volume":0.5},
            {"name":"hawkie:villager/trade/im-very-excited", "volume":0.5},
            {"name":"hawkie:villager/trade/i-need-that-you-know", "volume":0.5},
            {"name":"hawkie:villager/trade/is-it-this", "volume":0.5},
            {"name":"hawkie:villager/trade/is-that-going-to-work", "volume":0.5},
            {"name":"hawkie:villager/trade/ive-only-got-four-left", "volume":0.5},
            {"name":"hawkie:villager/trade/lets-figure-it-out", "volume":0.5},
            {"name":"hawkie:villager/trade/lets-make-some-numbers-that-make-me-smile", "volume":0.5},
            {"name":"hawkie:villager/trade/look-me-in-my-eyes", "volume":0.5},
            {"name":"hawkie:villager/trade/new-items-can-be-purchased", "volume":0.5},
            {"name":"hawkie:villager/trade/look-at-this01", "volume":0.5},
            {"name":"hawkie:villager/trade/look-at-this02", "volume":0.5},
            {"name":"hawkie:villager/trade/me", "volume":0.5},
            {"name":"hawkie:villager/trade/oh-my-god-i-have-so-many-of-these-things", "volume":0.5},
            {"name":"hawkie:villager/trade/oh-really", "volume":0.5},
            {"name":"hawkie:villager/trade/ok-dude-i-see-you-dude", "volume":0.5},
            {"name":"hawkie:villager/trade/ok-i-can-do-that", "volume":0.5},
            {"name":"hawkie:villager/trade/ok-well-i-dont-need-that", "volume":0.5},
            {"name":"hawkie:villager/trade/please-be-nice", "volume":0.5},
            {"name":"hawkie:villager/trade/take-my-stuff", "volume":0.5},
            {"name":"hawkie:villager/trade/thank-you-so-much-for-hangin-out-ok", "volume":0.5},
            {"name":"hawkie:villager/trade/that-feels-like-a-lot02", "volume":0.5},
            {"name":"hawkie:villager/trade/that-is-a-prettier-number", "volume":0.5},
            {"name":"hawkie:villager/trade/that-is-so-fair", "volume":0.5},
            {"name":"hawkie:villager/trade/thats-all-i-have-for-you", "volume":0.5},
            {"name":"hawkie:villager/trade/the-places-that-you-access-in-portals", "volume":0.5},
            {"name":"hawkie:villager/trade/theres-a-fish-inside-me-it-go-glug-glug-glug", "volume":0.5},
            {"name":"hawkie:villager/trade/this-is-my-true-form", "volume":0.5},
            {"name":"hawkie:villager/trade/ugly-things-dont-jive-with-my-eyes-man", "volume":0.5},
            {"name":"hawkie:villager/trade/uh-where-is-it", "volume":0.5},
            {"name":"hawkie:villager/trade/i-will-think-about-it01", "volume":0.5},
            {"name":"hawkie:villager/trade/i-will-think-about-it02", "volume":0.5},
            {"name":"hawkie:villager/trade/wait-what-is-this", "volume":0.5},
            {"name":"hawkie:villager/trade/we-feelin-good-now", "volume":0.5},
            {"name":"hawkie:villager/trade/welcome-in", "volume":0.5},
            {"name":"hawkie:villager/trade/were-you-lurking", "volume":0.5},
            {"name":"hawkie:villager/trade/what01", "volume":0.5},
            {"name":"hawkie:villager/trade/what-are-we-doing", "volume":0.5},
            {"name":"hawkie:villager/trade/what-did-you-get-up-to-today", "volume":0.5},
            {"name":"hawkie:villager/trade/whats-it-called-again", "volume":0.5},
            {"name":"hawkie:villager/trade/whats-this", "volume":0.5},
            {"name":"hawkie:villager/trade/you-can-give-it-ill-take-it", "volume":0.5},
            {"name":"hawkie:villager/trade/you-dont-even-want-to-hang-out-with-me", "volume":0.5},
            {"name":"hawkie:villager/trade/you-know-what-thats-fine-well-do-that", "volume":0.5},
            {"name":"hawkie:villager/trade/you-think-im-blinged-out-dude", "volume":0.5},

            {"name":"hawkie:villager/yes/i-can-do-that", "volume":0.5},
            {"name":"hawkie:villager/yes/i-can-put-up-with-that", "volume":0.5},
            {"name":"hawkie:villager/yes/i-can-take-that-thats-ok", "volume":0.5},
            {"name":"hawkie:villager/yes/i-would-kinda-love-that", "volume":0.5}
        ],
        "subtitle": "subtitles.entity.villager.trade"
    },
    "entity.villager.yes": {
        "replace":true,
        "sounds": [
            {"name":"hawkie:villager/celebrate/claps-and-hawk-love", "volume":0.5},
            {"name":"hawkie:villager/celebrate/so-good", "volume":0.5},

            {"name":"hawkie:villager/yes/all-right", "volume":0.5},
            {"name":"hawkie:villager/yes/can-one-of-the-mods-please-pay-it-out", "volume":0.5},
            {"name":"hawkie:villager/yes/done-done-done", "volume":0.5},
            {"name":"hawkie:villager/yes/exactly01", "volume":0.5},
            {"name":"hawkie:villager/yes/exactly02", "volume":0.5},
            {"name":"hawkie:villager/yes/exactly03", "volume":0.5},
            {"name":"hawkie:villager/yes/get-amongst-it", "volume":0.5},
            {"name":"hawkie:villager/yes/i-appreciate-it-so-much", "volume":0.5},
            {"name":"hawkie:villager/yes/i-appreciate-that", "volume":0.5},
            {"name":"hawkie:villager/yes/i-can-do-that", "volume":0.5},
            {"name":"hawkie:villager/yes/i-can-put-up-with-that", "volume":0.5},
            {"name":"hawkie:villager/yes/i-can-take-that-thats-ok", "volume":0.5},
            {"name":"hawkie:villager/yes/i-guess", "volume":0.5},
            {"name":"hawkie:villager/yes/i-would-kinda-love-that", "volume":0.5},
            {"name":"hawkie:villager/yes/ok01", "volume":0.5},
            {"name":"hawkie:villager/yes/ok02", "volume":0.5},
            {"name":"hawkie:villager/yes/ok03", "volume":0.5},
            {"name":"hawkie:villager/yes/ok04", "volume":0.5},
            {"name":"hawkie:villager/yes/ok05", "volume":0.5},
            {"name":"hawkie:villager/yes/ok06", "volume":0.5},
            {"name":"hawkie:villager/yes/ok07", "volume":0.5},
            {"name":"hawkie:villager/yes/ok08", "volume":0.5},
            {"name":"hawkie:villager/yes/ok09", "volume":0.5},
            {"name":"hawkie:villager/yes/ok10", "volume":0.5},
            {"name":"hawkie:villager/yes/ok11", "volume":0.5},
            {"name":"hawkie:villager/yes/ok-ok02", "volume":0.5},
            {"name":"hawkie:villager/yes/ok-ok03", "volume":0.5},
            {"name":"hawkie:villager/yes/ok-ok-ok", "volume":0.5},
            {"name":"hawkie:villager/yes/ok-there-we-go", "volume":0.5},
            {"name":"hawkie:villager/yes/ok-we-can-accept-that", "volume":0.5},
            {"name":"hawkie:villager/yes/ok-were-fine", "volume":0.5},
            {"name":"hawkie:villager/yes/ooh-so-good", "volume":0.5},
            {"name":"hawkie:villager/yes/ooohh", "volume":0.5},
            {"name":"hawkie:villager/yes/priceless", "volume":0.5},
            {"name":"hawkie:villager/yes/right01", "volume":0.5},
            {"name":"hawkie:villager/yes/right02", "volume":0.5},
            {"name":"hawkie:villager/yes/seems-all-right", "volume":0.5},
            {"name":"hawkie:villager/yes/seems-ok-i-guess", "volume":0.5},
            {"name":"hawkie:villager/yes/tasty", "volume":0.5},
            {"name":"hawkie:villager/yes/thank-you02", "volume":0.5},
            {"name":"hawkie:villager/yes/thank-you03", "volume":0.5},
            {"name":"hawkie:villager/yes/thank-you04", "volume":0.5},
            {"name":"hawkie:villager/yes/thank-you05", "volume":0.5},
            {"name":"hawkie:villager/yes/thank-you06", "volume":0.5},
            {"name":"hawkie:villager/yes/thank-you-buddy", "volume":0.5},
            {"name":"hawkie:villager/yes/thank-you-for-collecting-an-egg01", "volume":0.5},
            {"name":"hawkie:villager/yes/thank-you-for-collecting-an-egg02", "volume":0.5},
            {"name":"hawkie:villager/yes/thank-you-for-collecting-an-egg-dude", "volume":0.5},
            {"name":"hawkie:villager/yes/thank-you-for-everything01", "volume":0.5},
            {"name":"hawkie:villager/yes/thank-you-for-everything02", "volume":0.5},
            {"name":"hawkie:villager/yes/thank-you-for-the-bitties", "volume":0.5},
            {"name":"hawkie:villager/yes/thank-you-for-the-bitties-i-appreciate-that", "volume":0.5},
            {"name":"hawkie:villager/yes/thank-you-for-the-fish-dude", "volume":0.5},
            {"name":"hawkie:villager/yes/thank-you-for-throwing-things-at-my-face01", "volume":0.5},
            {"name":"hawkie:villager/yes/thank-you-for-throwing-things-at-my-face02", "volume":0.5},
            {"name":"hawkie:villager/yes/thank-you-for-throwing-things-at-my-face03", "volume":0.5},
            {"name":"hawkie:villager/yes/thank-you-so-much02", "volume":0.5},
            {"name":"hawkie:villager/yes/there-it-is", "volume":0.5},
            {"name":"hawkie:villager/yes/there-we-go", "volume":0.5},
            {"name":"hawkie:villager/yes/there-you-go01", "volume":0.5},
            {"name":"hawkie:villager/yes/there-you-go02", "volume":0.5},
            {"name":"hawkie:villager/yes/there-you-go02", "volume":0.5},
            {"name":"hawkie:villager/yes/yeah01", "volume":0.5},
            {"name":"hawkie:villager/yes/yeah02", "volume":0.5},
            {"name":"hawkie:villager/yes/yeah-yeah-ok", "volume":0.5},
            {"name":"hawkie:villager/yes/yeah-yeah-yeah", "volume":0.5},
            {"name":"hawkie:villager/yes/yes01", "volume":0.5},
            {"name":"hawkie:villager/yes/yes02", "volume":0.5},
            {"name":"hawkie:villager/yes/yes03", "volume":0.5},
            {"name":"hawkie:villager/yes/yes04", "volume":0.5},
            {"name":"hawkie:villager/yes/yes05", "volume":0.5},
            {"name":"hawkie:villager/yes/yes06", "volume":0.5},
            {"name":"hawkie:villager/yes/yes07", "volume":0.5},

            {"name":"hawkie:villager/trade/i-need-that-you-know", "volume":0.5}
        ],
        "subtitle": "subtitles.entity.villager.yes"
    },
    "entity.witch.ambient": {
        "replace":true,
        "sounds": [
            {"name":"hawkie:witch/ambient/cackle01", "volume":0.7},
            {"name":"hawkie:witch/ambient/cackle02", "volume":0.7},
            {"name":"hawkie:witch/ambient/cackle03", "volume":0.7},
            {"name":"hawkie:witch/ambient/cackle04", "volume":0.7},
            {"name":"hawkie:witch/ambient/cackle05", "volume":0.7},
            {"name":"hawkie:witch/ambient/cackle06", "volume":0.7},
            {"name":"hawkie:witch/ambient/cackle07", "volume":0.7},
            {"name":"hawkie:witch/ambient/cackle08", "volume":0.7},
            {"name":"hawkie:witch/ambient/cackle09", "volume":0.7},
            {"name":"hawkie:witch/ambient/cackle12", "volume":0.7},
            {"name":"hawkie:witch/ambient/cackle13", "volume":0.7},
            {"name":"hawkie:witch/ambient/cackle14", "volume":0.7},
            {"name":"hawkie:witch/ambient/giggle03", "volume":0.7}
        ],
        "subtitle": "subtitles.entity.witch.ambient"
    },
    "entity.witch.celebrate": {
        "replace":true,
        "sounds": [
            {"name":"hawkie:witch/celebrate/cackle10", "volume":0.7},
            {"name":"hawkie:witch/celebrate/cackle11", "volume":0.7},
            {"name":"hawkie:witch/celebrate/long-laugh", "volume":0.7},
            {"name":"hawkie:witch/celebrate/witch-ahh", "volume":0.7},
            {"name":"hawkie:witch/celebrate/laugh07", "volume":0.7}
        ],
        "subtitle": "subtitles.entity.witch.celebrate"
    },
    "music_disc.11": {
        "replace":true,
        "sounds": [
            {"name": "hawkie:records/will-the-circle-be-unbroken", "weight":100, "stream": true},
            {"name": "hawkie:records/still-alive", "weight":1, "stream": true}
        ]
    },
    "music.credits": {
        "replace":true,
        "sounds": [
            {"name": "hawkie:music/victory", "volume":0.8, "stream": true}
        ]
    }
}
