{
    "entity.villager.ambient": {
        "replace":true,
        "sounds": [
            {"name":"hawkie:villager/ambient/laugh01", "volume":0.5},
            {"name":"hawkie:villager/ambient/laugh04", "volume":0.5},
            {"name":"hawkie:villager/ambient/laugh19", "volume":0.5},
            {"name":"hawkie:villager/ambient/laugh21", "volume":0.5},
            {"name":"hawkie:villager/ambient/laugh28", "volume":0.5},
            {"name":"hawkie:villager/ambient/laugh33", "volume":0.5},
            {"name":"hawkie:villager/ambient/laugh34", "volume":0.5},
            {"name":"hawkie:villager/ambient/laugh42", "volume":0.5},
            {"name":"hawkie:villager/ambient/laugh46", "volume":0.5},
            {"name":"hawkie:villager/ambient/uwu-dat-da-da01", "volume":0.5},
            {"name":"hawkie:villager/ambient/uwu-dat-da-da02", "volume":0.5},
            {"name":"hawkie:villager/ambient/uwu-dat-da-da03", "volume":0.5},
            {"name":"hawkie:villager/ambient/uwu-dat-da-da04", "volume":0.5},
            {"name":"hawkie:villager/ambient/uwu-dat-da-da-da", "volume":0.5},
            {"name":"hawkie:villager/ambient/uwu-giggle01", "volume":0.5},
            {"name":"hawkie:villager/ambient/uwu-giggle02", "volume":0.5},
            {"name":"hawkie:villager/ambient/uwu-giggle04", "volume":0.5},
            {"name":"hawkie:villager/ambient/uwu-giggle06", "volume":0.5},
            {"name":"hawkie:villager/ambient/uwu-how-ya-doin", "volume":0.5},
            {"name":"hawkie:villager/ambient/uwu-my-mama01", "volume":0.5},
            {"name":"hawkie:villager/ambient/uwu-my-mama02", "volume":0.5},
            {"name":"hawkie:villager/ambient/various-hi", "volume":0.5},
            {"name":"hawkie:villager/ambient/wahh02a", "volume":0.5},
            {"name":"hawkie:villager/ambient/wahh02b", "volume":0.5},
            {"name":"hawkie:villager/ambient/wahh03a", "volume":0.5},
            {"name":"hawkie:villager/ambient/wahh03b", "volume":0.5},
            {"name":"hawkie:villager/ambient/weird-notification-sound01", "volume":0.5},
            {"name":"hawkie:villager/ambient/weird-notification-sound02", "volume":0.5},
            {"name":"hawkie:villager/ambient/weird-notification-sound03", "volume":0.5},
            {"name":"hawkie:villager/ambient/whats-up", "volume":0.5}
        ],
        "subtitle": "subtitles.entity.villager.ambient"
    },
    "entity.villager.celebrate": {
        "replace":true,
        "sounds": [
            {"name":"hawkie:villager/celebrate/sign-off", "volume":0.5},
            {"name":"hawkie:villager/celebrate/singing01", "volume":0.5},
            {"name":"hawkie:villager/celebrate/singing02", "volume":0.5},
            {"name":"hawkie:villager/celebrate/singing03", "volume":0.5},
            {"name":"hawkie:villager/celebrate/singing04", "volume":0.5},
            {"name":"hawkie:villager/celebrate/singing05", "volume":0.5},
            {"name":"hawkie:villager/celebrate/singing-im-the-biggest-bird01", "volume":0.5},
            {"name":"hawkie:villager/celebrate/singing-im-the-biggest-bird02", "volume":0.5},
            {"name":"hawkie:villager/celebrate/that-was-so-much-fun", "volume":0.5},
            {"name":"hawkie:villager/celebrate/uwu-have-a-good-pita", "volume":0.5},
            {"name":"hawkie:villager/celebrate/uwu-i-did-it", "volume":0.5},
            {"name":"hawkie:villager/celebrate/uwu-i-want-to-fight-more-things", "volume":0.5},
            {"name":"hawkie:villager/celebrate/uwu-kiss-hope-you-sleep-good", "volume":0.5}
        ],
        "subtitle": "subtitles.entity.villager.celebrate"
    },
    "entity.villager.death": {
        "replace":true,
        "sounds": [
            {"name":"hawkie:villager/death/ahh31", "volume":0.5},
            {"name":"hawkie:villager/death/he-looked-at-me-and-blinked-and-i-fell-apart", "volume":0.5},
            {"name":"hawkie:villager/death/i-cry-a-lot-it-happens", "volume":0.5},
            {"name":"hawkie:villager/death/oh-my-god-laugh02", "volume":0.5},
            {"name":"hawkie:villager/death/ok-ive-died-laugh", "volume":0.5},
            {"name":"hawkie:villager/death/thanks-for-throwing-things-at-me-guys", "volume":0.5},
            {"name":"hawkie:villager/death/uwu-woooow01", "volume":0.5},
            {"name":"hawkie:villager/death/uwu-woooow02", "volume":0.5},
            {"name":"hawkie:villager/death/uwu-there-i-go-dying-again", "volume":0.5},
            {"name":"hawkie:villager/death/woah03", "volume":0.5},
            {"name":"hawkie:villager/death/you-guys-can-bully-me-when-i-cry", "volume":0.5}
        ],
        "subtitle": "subtitles.entity.villager.death"
    },
    "entity.villager.hurt": {
        "replace":true,
        "sounds": [
        {"name":"hawkie:villager/hurt/aah", "volume":0.5},
        {"name":"hawkie:villager/hurt/ai01", "volume":0.5},
        {"name":"hawkie:villager/hurt/ooh03", "volume":0.5},
        {"name":"hawkie:villager/hurt/please-im-so-little", "volume":0.5},
        {"name":"hawkie:villager/hurt/stop-it-laugh", "volume":0.5},
        {"name":"hawkie:villager/hurt/uwu01", "volume":0.5},
        {"name":"hawkie:villager/hurt/uwu02", "volume":0.5},
        {"name":"hawkie:villager/hurt/uwu-ooh", "volume":0.5},
        {"name":"hawkie:villager/hurt/uwu-squeal", "volume":0.5},
        {"name":"hawkie:villager/hurt/uwu-woo", "volume":0.5},
        {"name":"hawkie:villager/hurt/various-burp-laughter01", "volume":0.5},
        {"name":"hawkie:villager/hurt/various-burp-laughter02", "volume":0.5},
        {"name":"hawkie:villager/hurt/various-burp-laughter03", "volume":0.5},
        {"name":"hawkie:villager/hurt/various-burp-laughter04", "volume":0.5},
        {"name":"hawkie:villager/hurt/various-burp-laughter05", "volume":0.5},
        {"name":"hawkie:villager/hurt/various-burp-laughter06", "volume":0.5},
        {"name":"hawkie:villager/hurt/various-burp-laughter07", "volume":0.5},
        {"name":"hawkie:villager/hurt/wahh04", "volume":0.5},
        {"name":"hawkie:villager/hurt/whit01", "volume":0.5},
        {"name":"hawkie:villager/hurt/whit02", "volume":0.5},
        {"name":"hawkie:villager/hurt/woo01", "volume":0.5},
        {"name":"hawkie:villager/hurt/woo04", "volume":0.5},
        {"name":"hawkie:villager/hurt/woo05", "volume":0.5},
        {"name":"hawkie:villager/hurt/yow", "volume":0.5}
        ],
        "subtitle": "subtitles.entity.villager.hurt"
    },
    "entity.villager.no": {
        "replace":true,
        "sounds": [
            {"name":"hawkie:villager/no/uwu-no-giggle", "volume":0.5},
            {"name":"hawkie:villager/no/uwu-no-laugh", "volume":0.5},
            {"name":"hawkie:villager/no/uwu-oh", "volume":0.5},
            {"name":"hawkie:villager/no/uwu-why-are-you-so-precious", "volume":0.5}
        ],
        "subtitle": "subtitles.entity.villager.no"
    },
    "entity.villager.trade": {
        "replace":true,
        "sounds": [
            {"name":"hawkie:villager/trade/could-i-have-it-anyway", "volume":0.5},
            {"name":"hawkie:villager/trade/thank-you-for-coming-in", "volume":0.5},
            {"name":"hawkie:villager/trade/thank-you-for-comin-in", "volume":0.5},
            {"name":"hawkie:villager/trade/that-feels-like-a-lot01", "volume":0.5},
            {"name":"hawkie:villager/trade/uwu-do-you-like-mountain-goat", "volume":0.5},
            {"name":"hawkie:villager/trade/uwu-i-keep-burping", "volume":0.5},
            {"name":"hawkie:villager/trade/uwu-i-want-to-hear-it", "volume":0.5},
            {"name":"hawkie:villager/trade/uwu-is-that-good-enough", "volume":0.5},
            {"name":"hawkie:villager/trade/uwu-just-look-at-mama", "volume":0.5},
            {"name":"hawkie:villager/trade/uwu-meat-and-potabos", "volume":0.5},
            {"name":"hawkie:villager/trade/uwu-thats-kind-of-cute", "volume":0.5},
            {"name":"hawkie:villager/trade/uwu-welcome-in-howd-you-find-me", "volume":0.5},
            {"name":"hawkie:villager/trade/whas-up-whas-up01", "volume":0.5},
            {"name":"hawkie:villager/trade/whas-up-whas-up02", "volume":0.5},
            {"name":"hawkie:villager/trade/whas-up-whas-up03", "volume":0.5},
            {"name":"hawkie:villager/trade/you-doin-ok", "volume":0.5},
            {"name":"hawkie:villager/trade/your-freckles-are-so-cute-dude", "volume":0.5}
        ],
        "subtitle": "subtitles.entity.villager.trade"
    },
    "entity.villager.yes": {
        "replace":true,
        "sounds": [
            {"name":"hawkie:villager/yes/i-love-that-so-much", "volume":0.5},
            {"name":"hawkie:villager/yes/thank-you-thank-you-thank-you", "volume":0.5},
            {"name":"hawkie:villager/yes/thats-kinda-cute-i-like-that", "volume":0.5},
            {"name":"hawkie:villager/yes/uwu-im-happy01", "volume":0.5},
            {"name":"hawkie:villager/yes/uwu-im-happy02", "volume":0.5},
            {"name":"hawkie:villager/yes/uwu-im-happy-you-know-im-happy", "volume":0.5},
            {"name":"hawkie:villager/yes/uwu-im-so-happy", "volume":0.5},
            {"name":"hawkie:villager/yes/uwu-it-feels-good", "volume":0.5},
            {"name":"hawkie:villager/yes/uwu-mama-mia", "volume":0.7},
            {"name":"hawkie:villager/yes/uwu-oh-i-love-that01", "volume":0.7},
            {"name":"hawkie:villager/yes/uwu-oh-i-love-that02", "volume":0.7},
            {"name":"hawkie:villager/yes/uwu-please", "volume":0.7},
            {"name":"hawkie:villager/yes/uwu-you-got-it-laugh", "volume":0.7}
    ],
    "subtitle": "subtitles.entity.villager.yes"
    },
    "entity.witch.ambient": {
        "replace":true,
        "sounds": [
            {"name":"hawkie:witch/ambient/laugh03", "volume":0.7},
            {"name":"hawkie:witch/ambient/laugh05", "volume":0.7},
            {"name":"hawkie:witch/ambient/laugh08", "volume":0.7},
            {"name":"hawkie:witch/ambient/laugh16", "volume":0.7},
            {"name":"hawkie:witch/ambient/laugh17", "volume":0.7},
            {"name":"hawkie:witch/ambient/laugh22", "volume":0.7},
            {"name":"hawkie:witch/ambient/laugh29", "volume":0.7},
            {"name":"hawkie:witch/ambient/laugh35", "volume":0.7},
            {"name":"hawkie:witch/ambient/laugh38", "volume":0.7},
            {"name":"hawkie:witch/ambient/uwu-giggle07", "volume":0.7},
            {"name":"hawkie:witch/ambient/uwu-giggle08", "volume":0.7},
            {"name":"hawkie:witch/ambient/uwu-hee-hee-hee", "volume":0.7}
        ],
        "subtitle": "subtitles.entity.witch.ambient"
    },
    "entity.witch.celebrate": {
        "replace":true,
        "sounds": [
            {"name":"hawkie:witch/celebrate/laugh06", "volume":0.7},
            {"name":"hawkie:witch/celebrate/laugh12", "volume":0.7},
            {"name":"hawkie:witch/celebrate/laugh14", "volume":0.7},
            {"name":"hawkie:witch/celebrate/laugh25", "volume":0.7},
            {"name":"hawkie:witch/celebrate/laugh27", "volume":0.7},
            {"name":"hawkie:witch/celebrate/laugh30", "volume":0.7},
            {"name":"hawkie:witch/celebrate/laugh39", "volume":0.7},
            {"name":"hawkie:witch/celebrate/laugh43", "volume":0.7}
        ],
        "subtitle": "subtitles.entity.witch.celebrate"
    }
}
